Instance, TimeLimit, Solver, Objective Value
2club200v15p5scn.mps, 10, SCIP, -28.0
2club200v15p5scn.mps, 10, gurobi(exact), -60.0
2club200v15p5scn.mps, 10, gurobi(heur), -60.0
2club200v15p5scn.mps, 10, FJ, -1.0
2club200v15p5scn.mps, 10, highs, N/A
2club200v15p5scn.mps, 10, cplex, -18.0
2club200v15p5scn.mps, 10, Local-ILP, -68.0
a2864-99blp.mps, 10, SCIP, N/A
a2864-99blp.mps, 10, gurobi(exact), -72.0
a2864-99blp.mps, 10, gurobi(heur), -72.0
a2864-99blp.mps, 10, FJ, -18.0
a2864-99blp.mps, 10, highs, N/A
a2864-99blp.mps, 10, cplex, -17.0
a2864-99blp.mps, 10, Local-ILP, -19.0
academictimetablebig.mps, 10, SCIP, N/A
academictimetablebig.mps, 10, gurobi(exact), N/A
academictimetablebig.mps, 10, gurobi(heur), N/A
academictimetablebig.mps, 10, FJ, N/A
academictimetablebig.mps, 10, highs, N/A
academictimetablebig.mps, 10, cplex, N/A
academictimetablebig.mps, 10, Local-ILP, N/A
bab1.mps, 10, SCIP, N/A
bab1.mps, 10, gurobi(exact), -215641.0
bab1.mps, 10, gurobi(heur), -216333.0
bab1.mps, 10, FJ, -87472.801
bab1.mps, 10, highs, N/A
bab1.mps, 10, cplex, -218764.88525
bab1.mps, 10, Local-ILP, -115040.2775
bab2.mps, 10, SCIP, N/A
bab2.mps, 10, gurobi(exact), N/A
bab2.mps, 10, gurobi(heur), N/A
bab2.mps, 10, FJ, N/A
bab2.mps, 10, highs, N/A
bab2.mps, 10, cplex, N/A
bab2.mps, 10, Local-ILP, N/A
bab3.mps, 10, SCIP, N/A
bab3.mps, 10, gurobi(exact), N/A
bab3.mps, 10, gurobi(heur), N/A
bab3.mps, 10, FJ, N/A
bab3.mps, 10, highs, N/A
bab3.mps, 10, cplex, N/A
bab3.mps, 10, Local-ILP, N/A
bab6.mps, 10, SCIP, N/A
bab6.mps, 10, gurobi(exact), N/A
bab6.mps, 10, gurobi(heur), N/A
bab6.mps, 10, FJ, N/A
bab6.mps, 10, highs, N/A
bab6.mps, 10, cplex, N/A
bab6.mps, 10, Local-ILP, N/A
bley_xs1.mps, 10, SCIP, 8835074.25
bley_xs1.mps, 10, gurobi(exact), 19125100.0
bley_xs1.mps, 10, gurobi(heur), 19125100.0
bley_xs1.mps, 10, FJ, 1.5171775664346896e+17
bley_xs1.mps, 10, highs, N/A
bley_xs1.mps, 10, cplex, N/A
bley_xs1.mps, 10, Local-ILP, 6934614.860000001
bley_xs1noM.mps, 10, SCIP, 8835074.25
bley_xs1noM.mps, 10, gurobi(exact), 4901590.0
bley_xs1noM.mps, 10, gurobi(heur), 5442430.0
bley_xs1noM.mps, 10, FJ, 713930383.58
bley_xs1noM.mps, 10, highs, N/A
bley_xs1noM.mps, 10, cplex, 68867387.33
bley_xs1noM.mps, 10, Local-ILP, 9535409.340000002
cdc7-4-3-2.mps, 10, SCIP, -230.0
cdc7-4-3-2.mps, 10, gurobi(exact), -232.0
cdc7-4-3-2.mps, 10, gurobi(heur), -232.0
cdc7-4-3-2.mps, 10, FJ, -1.0
cdc7-4-3-2.mps, 10, highs, N/A
cdc7-4-3-2.mps, 10, cplex, 0.0
cdc7-4-3-2.mps, 10, Local-ILP, -272.0
circ10-3.mps, 10, SCIP, N/A
circ10-3.mps, 10, gurobi(exact), N/A
circ10-3.mps, 10, gurobi(heur), N/A
circ10-3.mps, 10, FJ, 396.0
circ10-3.mps, 10, highs, N/A
circ10-3.mps, 10, cplex, N/A
circ10-3.mps, 10, Local-ILP, 384.0
comp12-2idx.mps, 10, SCIP, N/A
comp12-2idx.mps, 10, gurobi(exact), 1207.0
comp12-2idx.mps, 10, gurobi(heur), 942.0
comp12-2idx.mps, 10, FJ, 2784.0
comp12-2idx.mps, 10, highs, N/A
comp12-2idx.mps, 10, cplex, 13246.0
comp12-2idx.mps, 10, Local-ILP, 676.0
comp21-2idx.mps, 10, SCIP, 699.0
comp21-2idx.mps, 10, gurobi(exact), 264.0
comp21-2idx.mps, 10, gurobi(heur), 221.0
comp21-2idx.mps, 10, FJ, 1454.0
comp21-2idx.mps, 10, highs, N/A
comp21-2idx.mps, 10, cplex, 717.0
comp21-2idx.mps, 10, Local-ILP, 579.0
d10200.mps, 10, SCIP, 12455.0
d10200.mps, 10, gurobi(exact), 12462.0
d10200.mps, 10, gurobi(heur), 12463.0
d10200.mps, 10, FJ, 12933.0
d10200.mps, 10, highs, 12455.0
d10200.mps, 10, cplex, 12449.0
d10200.mps, 10, Local-ILP, 12808.0
d20200.mps, 10, SCIP, 14049.0
d20200.mps, 10, gurobi(exact), 12329.0
d20200.mps, 10, gurobi(heur), 12306.0
d20200.mps, 10, FJ, 13889.0
d20200.mps, 10, highs, 12449.0
d20200.mps, 10, cplex, 12330.0
d20200.mps, 10, Local-ILP, 13681.0
datt256.mps, 10, SCIP, N/A
datt256.mps, 10, gurobi(exact), N/A
datt256.mps, 10, gurobi(heur), N/A
datt256.mps, 10, FJ, N/A
datt256.mps, 10, highs, N/A
datt256.mps, 10, cplex, N/A
datt256.mps, 10, Local-ILP, N/A
ds-big.mps, 10, SCIP, N/A
ds-big.mps, 10, gurobi(exact), 62520.0
ds-big.mps, 10, gurobi(heur), 62520.0
ds-big.mps, 10, FJ, 7077.160192
ds-big.mps, 10, highs, N/A
ds-big.mps, 10, cplex, 3765.5748321
ds-big.mps, 10, Local-ILP, 4131.96027998
ds.mps, 10, SCIP, 1350.7675
ds.mps, 10, gurobi(exact), 5418.56
ds.mps, 10, gurobi(heur), 5418.56
ds.mps, 10, FJ, 1517.1625
ds.mps, 10, highs, N/A
ds.mps, 10, cplex, 1322.96
ds.mps, 10, Local-ILP, 1088.795
ex1010-pi.mps, 10, SCIP, 282.0
ex1010-pi.mps, 10, gurobi(exact), 303.0
ex1010-pi.mps, 10, gurobi(heur), 303.0
ex1010-pi.mps, 10, FJ, 378.0
ex1010-pi.mps, 10, highs, N/A
ex1010-pi.mps, 10, cplex, 280.0
ex1010-pi.mps, 10, Local-ILP, 278.0
f2000.mps, 10, SCIP, N/A
f2000.mps, 10, gurobi(exact), N/A
f2000.mps, 10, gurobi(heur), N/A
f2000.mps, 10, FJ, N/A
f2000.mps, 10, highs, N/A
f2000.mps, 10, cplex, N/A
f2000.mps, 10, Local-ILP, N/A
fhnw-sq2.mps, 10, SCIP, N/A
fhnw-sq2.mps, 10, gurobi(exact), N/A
fhnw-sq2.mps, 10, gurobi(heur), N/A
fhnw-sq2.mps, 10, FJ, N/A
fhnw-sq2.mps, 10, highs, N/A
fhnw-sq2.mps, 10, cplex, N/A
fhnw-sq2.mps, 10, Local-ILP, N/A
graph20-80-1rand.mps, 10, SCIP, -1.0
graph20-80-1rand.mps, 10, gurobi(exact), -1.0
graph20-80-1rand.mps, 10, gurobi(heur), -1.0
graph20-80-1rand.mps, 10, FJ, 0.0
graph20-80-1rand.mps, 10, highs, N/A
graph20-80-1rand.mps, 10, cplex, 0.0
graph20-80-1rand.mps, 10, Local-ILP, -1.0
graph40-20-1rand.mps, 10, SCIP, -1.0
graph40-20-1rand.mps, 10, gurobi(exact), 0.0
graph40-20-1rand.mps, 10, gurobi(heur), 0.0
graph40-20-1rand.mps, 10, FJ, 0.0
graph40-20-1rand.mps, 10, highs, N/A
graph40-20-1rand.mps, 10, cplex, 0.0
graph40-20-1rand.mps, 10, Local-ILP, -4.0
graph40-40-1rand.mps, 10, SCIP, N/A
graph40-40-1rand.mps, 10, gurobi(exact), 0.0
graph40-40-1rand.mps, 10, gurobi(heur), 0.0
graph40-40-1rand.mps, 10, FJ, 0.0
graph40-40-1rand.mps, 10, highs, N/A
graph40-40-1rand.mps, 10, cplex, 0.0
graph40-40-1rand.mps, 10, Local-ILP, -3.0
graph40-80-1rand.mps, 10, SCIP, N/A
graph40-80-1rand.mps, 10, gurobi(exact), 0.0
graph40-80-1rand.mps, 10, gurobi(heur), 0.0
graph40-80-1rand.mps, 10, FJ, 0.0
graph40-80-1rand.mps, 10, highs, N/A
graph40-80-1rand.mps, 10, cplex, 0.0
graph40-80-1rand.mps, 10, Local-ILP, 0.0
hanoi5.mps, 10, SCIP, N/A
hanoi5.mps, 10, gurobi(exact), N/A
hanoi5.mps, 10, gurobi(heur), N/A
hanoi5.mps, 10, FJ, N/A
hanoi5.mps, 10, highs, N/A
hanoi5.mps, 10, cplex, N/A
hanoi5.mps, 10, Local-ILP, N/A
highschool1-aigio.mps, 10, SCIP, N/A
highschool1-aigio.mps, 10, gurobi(exact), N/A
highschool1-aigio.mps, 10, gurobi(heur), N/A
highschool1-aigio.mps, 10, FJ, N/A
highschool1-aigio.mps, 10, highs, N/A
highschool1-aigio.mps, 10, cplex, N/A
highschool1-aigio.mps, 10, Local-ILP, N/A
ivu06-big.mps, 10, SCIP, N/A
ivu06-big.mps, 10, gurobi(exact), 9416.0
ivu06-big.mps, 10, gurobi(heur), 9416.0
ivu06-big.mps, 10, FJ, N/A
ivu06-big.mps, 10, highs, N/A
ivu06-big.mps, 10, cplex, 206.32833464
ivu06-big.mps, 10, Local-ILP, N/A
ivu06.mps, 10, SCIP, N/A
ivu06.mps, 10, gurobi(exact), 9416.0
ivu06.mps, 10, gurobi(heur), 9416.0
ivu06.mps, 10, FJ, 788.68967
ivu06.mps, 10, highs, N/A
ivu06.mps, 10, cplex, 221.74666896
ivu06.mps, 10, Local-ILP, 571.0360040959999
ivu59.mps, 10, SCIP, N/A
ivu59.mps, 10, gurobi(exact), 27488.0
ivu59.mps, 10, gurobi(heur), 27488.0
ivu59.mps, 10, FJ, N/A
ivu59.mps, 10, highs, N/A
ivu59.mps, 10, cplex, 3035.4194069
ivu59.mps, 10, Local-ILP, N/A
kosova1.mps, 10, SCIP, N/A
kosova1.mps, 10, gurobi(exact), N/A
kosova1.mps, 10, gurobi(heur), N/A
kosova1.mps, 10, FJ, N/A
kosova1.mps, 10, highs, N/A
kosova1.mps, 10, cplex, N/A
kosova1.mps, 10, Local-ILP, N/A
kottenpark09.mps, 10, SCIP, N/A
kottenpark09.mps, 10, gurobi(exact), N/A
kottenpark09.mps, 10, gurobi(heur), N/A
kottenpark09.mps, 10, FJ, N/A
kottenpark09.mps, 10, highs, N/A
kottenpark09.mps, 10, cplex, N/A
kottenpark09.mps, 10, Local-ILP, N/A
lectsched-1-obj.mps, 10, SCIP, N/A
lectsched-1-obj.mps, 10, gurobi(exact), N/A
lectsched-1-obj.mps, 10, gurobi(heur), N/A
lectsched-1-obj.mps, 10, FJ, N/A
lectsched-1-obj.mps, 10, highs, N/A
lectsched-1-obj.mps, 10, cplex, N/A
lectsched-1-obj.mps, 10, Local-ILP, 202.0
methanosarcina.mps, 10, SCIP, 3122.0
methanosarcina.mps, 10, gurobi(exact), 2916.0
methanosarcina.mps, 10, gurobi(heur), 2916.0
methanosarcina.mps, 10, FJ, 2919.0
methanosarcina.mps, 10, highs, 3609.0
methanosarcina.mps, 10, cplex, 3510.0
methanosarcina.mps, 10, Local-ILP, 2861.0
neos-2974461-ibar.mps, 10, SCIP, N/A
neos-2974461-ibar.mps, 10, gurobi(exact), 637328000.0
neos-2974461-ibar.mps, 10, gurobi(heur), 637328000.0
neos-2974461-ibar.mps, 10, FJ, N/A
neos-2974461-ibar.mps, 10, highs, N/A
neos-2974461-ibar.mps, 10, cplex, 637327600.0
neos-2974461-ibar.mps, 10, Local-ILP, 637327600.0
neos-3068746-nene.mps, 10, SCIP, 69380483.345325
neos-3068746-nene.mps, 10, gurobi(exact), 61978900.0
neos-3068746-nene.mps, 10, gurobi(heur), 62099100.0
neos-3068746-nene.mps, 10, FJ, N/A
neos-3068746-nene.mps, 10, highs, N/A
neos-3068746-nene.mps, 10, cplex, 62315121.082
neos-3068746-nene.mps, 10, Local-ILP, 94572294.312
neos-3214367-sovi.mps, 10, SCIP, N/A
neos-3214367-sovi.mps, 10, gurobi(exact), N/A
neos-3214367-sovi.mps, 10, gurobi(heur), N/A
neos-3214367-sovi.mps, 10, FJ, N/A
neos-3214367-sovi.mps, 10, highs, N/A
neos-3214367-sovi.mps, 10, cplex, N/A
neos-3214367-sovi.mps, 10, Local-ILP, N/A
neos-3237086-abava.mps, 10, SCIP, N/A
neos-3237086-abava.mps, 10, gurobi(exact), N/A
neos-3237086-abava.mps, 10, gurobi(heur), N/A
neos-3237086-abava.mps, 10, FJ, N/A
neos-3237086-abava.mps, 10, highs, N/A
neos-3237086-abava.mps, 10, cplex, N/A
neos-3237086-abava.mps, 10, Local-ILP, N/A
neos-3322547-alsek.mps, 10, SCIP, N/A
neos-3322547-alsek.mps, 10, gurobi(exact), 692.0
neos-3322547-alsek.mps, 10, gurobi(heur), 692.0
neos-3322547-alsek.mps, 10, FJ, 487.0
neos-3322547-alsek.mps, 10, highs, N/A
neos-3322547-alsek.mps, 10, cplex, 1000.0
neos-3322547-alsek.mps, 10, Local-ILP, 417.0
neos-3355120-tarago.mps, 10, SCIP, N/A
neos-3355120-tarago.mps, 10, gurobi(exact), N/A
neos-3355120-tarago.mps, 10, gurobi(heur), N/A
neos-3355120-tarago.mps, 10, FJ, N/A
neos-3355120-tarago.mps, 10, highs, N/A
neos-3355120-tarago.mps, 10, cplex, N/A
neos-3355120-tarago.mps, 10, Local-ILP, N/A
neos-3355323-arnon.mps, 10, SCIP, N/A
neos-3355323-arnon.mps, 10, gurobi(exact), N/A
neos-3355323-arnon.mps, 10, gurobi(heur), N/A
neos-3355323-arnon.mps, 10, FJ, N/A
neos-3355323-arnon.mps, 10, highs, N/A
neos-3355323-arnon.mps, 10, cplex, N/A
neos-3355323-arnon.mps, 10, Local-ILP, N/A
neos-3426085-ticino.mps, 10, SCIP, 242.0
neos-3426085-ticino.mps, 10, gurobi(exact), 228.0
neos-3426085-ticino.mps, 10, gurobi(heur), 228.0
neos-3426085-ticino.mps, 10, FJ, 288.0
neos-3426085-ticino.mps, 10, highs, 235.0
neos-3426085-ticino.mps, 10, cplex, 228.0
neos-3426085-ticino.mps, 10, Local-ILP, 233.0
neos-3426132-dieze.mps, 10, SCIP, 452.0
neos-3426132-dieze.mps, 10, gurobi(exact), 434.0
neos-3426132-dieze.mps, 10, gurobi(heur), 418.0
neos-3426132-dieze.mps, 10, FJ, 542.0
neos-3426132-dieze.mps, 10, highs, 432.0
neos-3426132-dieze.mps, 10, cplex, 417.0
neos-3426132-dieze.mps, 10, Local-ILP, 426.0
neos-3530905-gaula.mps, 10, SCIP, 168.0
neos-3530905-gaula.mps, 10, gurobi(exact), 162.0
neos-3530905-gaula.mps, 10, gurobi(heur), 162.0
neos-3530905-gaula.mps, 10, FJ, 185.0
neos-3530905-gaula.mps, 10, highs, 161.0
neos-3530905-gaula.mps, 10, cplex, 159.0
neos-3530905-gaula.mps, 10, Local-ILP, 166.0
neos-3594536-henty.mps, 10, SCIP, N/A
neos-3594536-henty.mps, 10, gurobi(exact), 412996.0
neos-3594536-henty.mps, 10, gurobi(heur), 410321.0
neos-3594536-henty.mps, 10, FJ, N/A
neos-3594536-henty.mps, 10, highs, N/A
neos-3594536-henty.mps, 10, cplex, N/A
neos-3594536-henty.mps, 10, Local-ILP, 25321053206.0
neos-3603137-hoteo.mps, 10, SCIP, N/A
neos-3603137-hoteo.mps, 10, gurobi(exact), N/A
neos-3603137-hoteo.mps, 10, gurobi(heur), N/A
neos-3603137-hoteo.mps, 10, FJ, N/A
neos-3603137-hoteo.mps, 10, highs, N/A
neos-3603137-hoteo.mps, 10, cplex, N/A
neos-3603137-hoteo.mps, 10, Local-ILP, N/A
neos-3682128-sandon.mps, 10, SCIP, N/A
neos-3682128-sandon.mps, 10, gurobi(exact), 37498200.0
neos-3682128-sandon.mps, 10, gurobi(heur), 36271000.0
neos-3682128-sandon.mps, 10, FJ, N/A
neos-3682128-sandon.mps, 10, highs, 44504885.0
neos-3682128-sandon.mps, 10, cplex, 55517060.0
neos-3682128-sandon.mps, 10, Local-ILP, 90501340.0
neos-4165869-wannon.mps, 10, SCIP, N/A
neos-4165869-wannon.mps, 10, gurobi(exact), 294.0
neos-4165869-wannon.mps, 10, gurobi(heur), 294.0
neos-4165869-wannon.mps, 10, FJ, 366.0
neos-4165869-wannon.mps, 10, highs, N/A
neos-4165869-wannon.mps, 10, cplex, 372.0
neos-4165869-wannon.mps, 10, Local-ILP, 294.0
neos-4360552-sangro.mps, 10, SCIP, N/A
neos-4360552-sangro.mps, 10, gurobi(exact), N/A
neos-4360552-sangro.mps, 10, gurobi(heur), N/A
neos-4360552-sangro.mps, 10, FJ, N/A
neos-4360552-sangro.mps, 10, highs, N/A
neos-4360552-sangro.mps, 10, cplex, N/A
neos-4360552-sangro.mps, 10, Local-ILP, N/A
neos-4531126-vouga.mps, 10, SCIP, N/A
neos-4531126-vouga.mps, 10, gurobi(exact), N/A
neos-4531126-vouga.mps, 10, gurobi(heur), N/A
neos-4531126-vouga.mps, 10, FJ, N/A
neos-4531126-vouga.mps, 10, highs, N/A
neos-4531126-vouga.mps, 10, cplex, N/A
neos-4531126-vouga.mps, 10, Local-ILP, N/A
neos-4954274-beardy.mps, 10, SCIP, N/A
neos-4954274-beardy.mps, 10, gurobi(exact), N/A
neos-4954274-beardy.mps, 10, gurobi(heur), N/A
neos-4954274-beardy.mps, 10, FJ, 49206.67
neos-4954274-beardy.mps, 10, highs, N/A
neos-4954274-beardy.mps, 10, cplex, N/A
neos-4954274-beardy.mps, 10, Local-ILP, 35096.3725
neos-954925.mps, 10, SCIP, 0.0
neos-954925.mps, 10, gurobi(exact), -237.76
neos-954925.mps, 10, gurobi(heur), -237.76
neos-954925.mps, 10, FJ, -0.986667
neos-954925.mps, 10, highs, N/A
neos-954925.mps, 10, cplex, N/A
neos-954925.mps, 10, Local-ILP, -237.7444444442
ns1828997.mps, 10, SCIP, 192.0
ns1828997.mps, 10, gurobi(exact), 25.0
ns1828997.mps, 10, gurobi(heur), 20.0
ns1828997.mps, 10, FJ, 225.0
ns1828997.mps, 10, highs, 124.0
ns1828997.mps, 10, cplex, 205.0
ns1828997.mps, 10, Local-ILP, 31.0
ns1853823.mps, 10, SCIP, N/A
ns1853823.mps, 10, gurobi(exact), 284000.0
ns1853823.mps, 10, gurobi(heur), 284000.0
ns1853823.mps, 10, FJ, 2450000.0
ns1853823.mps, 10, highs, N/A
ns1853823.mps, 10, cplex, 5912000.0
ns1853823.mps, 10, Local-ILP, 3556000.0
ns1854840.mps, 10, SCIP, N/A
ns1854840.mps, 10, gurobi(exact), 3092000.0
ns1854840.mps, 10, gurobi(heur), 3092000.0
ns1854840.mps, 10, FJ, 196800000000.0
ns1854840.mps, 10, highs, N/A
ns1854840.mps, 10, cplex, 4744000.0
ns1854840.mps, 10, Local-ILP, 3062000.0
ns894236.mps, 10, SCIP, N/A
ns894236.mps, 10, gurobi(exact), N/A
ns894236.mps, 10, gurobi(heur), N/A
ns894236.mps, 10, FJ, 18.0
ns894236.mps, 10, highs, N/A
ns894236.mps, 10, cplex, N/A
ns894236.mps, 10, Local-ILP, 18.0
ns894786.mps, 10, SCIP, N/A
ns894786.mps, 10, gurobi(exact), N/A
ns894786.mps, 10, gurobi(heur), N/A
ns894786.mps, 10, FJ, 14.0
ns894786.mps, 10, highs, N/A
ns894786.mps, 10, cplex, N/A
ns894786.mps, 10, Local-ILP, N/A
nu120-pr3.mps, 10, SCIP, 45695.0
nu120-pr3.mps, 10, gurobi(exact), 31065.0
nu120-pr3.mps, 10, gurobi(heur), 31790.0
nu120-pr3.mps, 10, FJ, 2232000000021725.0
nu120-pr3.mps, 10, highs, 34915.0
nu120-pr3.mps, 10, cplex, 33920.0
nu120-pr3.mps, 10, Local-ILP, 50075.0
nursesched-medium-hint03.mps, 10, SCIP, 8092.0
nursesched-medium-hint03.mps, 10, gurobi(exact), N/A
nursesched-medium-hint03.mps, 10, gurobi(heur), N/A
nursesched-medium-hint03.mps, 10, FJ, N/A
nursesched-medium-hint03.mps, 10, highs, N/A
nursesched-medium-hint03.mps, 10, cplex, N/A
nursesched-medium-hint03.mps, 10, Local-ILP, 6452.0
opm2-z10-s4.mps, 10, SCIP, 0.0
opm2-z10-s4.mps, 10, gurobi(exact), -19661.0
opm2-z10-s4.mps, 10, gurobi(heur), -19661.0
opm2-z10-s4.mps, 10, FJ, 0.0
opm2-z10-s4.mps, 10, highs, N/A
opm2-z10-s4.mps, 10, cplex, 0.0
opm2-z10-s4.mps, 10, Local-ILP, -29186.0
opm2-z12-s14.mps, 10, SCIP, 0.0
opm2-z12-s14.mps, 10, gurobi(exact), -28855.0
opm2-z12-s14.mps, 10, gurobi(heur), -28855.0
opm2-z12-s14.mps, 10, FJ, 0.0
opm2-z12-s14.mps, 10, highs, N/A
opm2-z12-s14.mps, 10, cplex, 0.0
opm2-z12-s14.mps, 10, Local-ILP, -42039.0
opm2-z12-s7.mps, 10, SCIP, 0.0
opm2-z12-s7.mps, 10, gurobi(exact), -28549.0
opm2-z12-s7.mps, 10, gurobi(heur), -28549.0
opm2-z12-s7.mps, 10, FJ, 0.0
opm2-z12-s7.mps, 10, highs, N/A
opm2-z12-s7.mps, 10, cplex, 0.0
opm2-z12-s7.mps, 10, Local-ILP, -39593.0
opm2-z12-s8.mps, 10, SCIP, 0.0
opm2-z12-s8.mps, 10, gurobi(exact), -28077.0
opm2-z12-s8.mps, 10, gurobi(heur), -28077.0
opm2-z12-s8.mps, 10, FJ, 0.0
opm2-z12-s8.mps, 10, highs, N/A
opm2-z12-s8.mps, 10, cplex, 0.0
opm2-z12-s8.mps, 10, Local-ILP, -36067.0
p6b.mps, 10, SCIP, -54.0
p6b.mps, 10, gurobi(exact), -59.0
p6b.mps, 10, gurobi(heur), -58.0
p6b.mps, 10, FJ, -1.0
p6b.mps, 10, highs, -60.0
p6b.mps, 10, cplex, -60.0
p6b.mps, 10, Local-ILP, -61.0
pb-gfrd-pnc.mps, 10, SCIP, N/A
pb-gfrd-pnc.mps, 10, gurobi(exact), N/A
pb-gfrd-pnc.mps, 10, gurobi(heur), N/A
pb-gfrd-pnc.mps, 10, FJ, N/A
pb-gfrd-pnc.mps, 10, highs, N/A
pb-gfrd-pnc.mps, 10, cplex, N/A
pb-gfrd-pnc.mps, 10, Local-ILP, N/A
pb-grow22.mps, 10, SCIP, 0.0
pb-grow22.mps, 10, gurobi(exact), 0.0
pb-grow22.mps, 10, gurobi(heur), 0.0
pb-grow22.mps, 10, FJ, 0.0
pb-grow22.mps, 10, highs, N/A
pb-grow22.mps, 10, cplex, 0.0
pb-grow22.mps, 10, Local-ILP, 0.0
pb-market-split8-70-4.mps, 10, SCIP, N/A
pb-market-split8-70-4.mps, 10, gurobi(exact), N/A
pb-market-split8-70-4.mps, 10, gurobi(heur), N/A
pb-market-split8-70-4.mps, 10, FJ, N/A
pb-market-split8-70-4.mps, 10, highs, N/A
pb-market-split8-70-4.mps, 10, cplex, N/A
pb-market-split8-70-4.mps, 10, Local-ILP, N/A
pb-simp-nonunif.mps, 10, SCIP, N/A
pb-simp-nonunif.mps, 10, gurobi(exact), N/A
pb-simp-nonunif.mps, 10, gurobi(heur), N/A
pb-simp-nonunif.mps, 10, FJ, 112.0
pb-simp-nonunif.mps, 10, highs, N/A
pb-simp-nonunif.mps, 10, cplex, 99.0
pb-simp-nonunif.mps, 10, Local-ILP, 133.0
proteindesign121hz512p19.mps, 10, SCIP, N/A
proteindesign121hz512p19.mps, 10, gurobi(exact), N/A
proteindesign121hz512p19.mps, 10, gurobi(heur), N/A
proteindesign121hz512p19.mps, 10, FJ, N/A
proteindesign121hz512p19.mps, 10, highs, N/A
proteindesign121hz512p19.mps, 10, cplex, N/A
proteindesign121hz512p19.mps, 10, Local-ILP, N/A
proteindesign121hz512p9.mps, 10, SCIP, N/A
proteindesign121hz512p9.mps, 10, gurobi(exact), 1498.0
proteindesign121hz512p9.mps, 10, gurobi(heur), 1498.0
proteindesign121hz512p9.mps, 10, FJ, N/A
proteindesign121hz512p9.mps, 10, highs, N/A
proteindesign121hz512p9.mps, 10, cplex, 1509.0
proteindesign121hz512p9.mps, 10, Local-ILP, 1509.0
protfold.mps, 10, SCIP, -12.0
protfold.mps, 10, gurobi(exact), -22.0
protfold.mps, 10, gurobi(heur), -22.0
protfold.mps, 10, FJ, -11.0
protfold.mps, 10, highs, N/A
protfold.mps, 10, cplex, -19.0
protfold.mps, 10, Local-ILP, -14.0
pythago7824.mps, 10, SCIP, N/A
pythago7824.mps, 10, gurobi(exact), N/A
pythago7824.mps, 10, gurobi(heur), N/A
pythago7824.mps, 10, FJ, N/A
pythago7824.mps, 10, highs, N/A
pythago7824.mps, 10, cplex, N/A
pythago7824.mps, 10, Local-ILP, N/A
pythago7825.mps, 10, SCIP, N/A
pythago7825.mps, 10, gurobi(exact), N/A
pythago7825.mps, 10, gurobi(heur), N/A
pythago7825.mps, 10, FJ, N/A
pythago7825.mps, 10, highs, N/A
pythago7825.mps, 10, cplex, N/A
pythago7825.mps, 10, Local-ILP, N/A
queens-30.mps, 10, SCIP, -33.0
queens-30.mps, 10, gurobi(exact), -36.0
queens-30.mps, 10, gurobi(heur), -36.0
queens-30.mps, 10, FJ, -1.0
queens-30.mps, 10, highs, -2.0
queens-30.mps, 10, cplex, -28.0
queens-30.mps, 10, Local-ILP, -38.0
rail03.mps, 10, SCIP, N/A
rail03.mps, 10, gurobi(exact), N/A
rail03.mps, 10, gurobi(heur), N/A
rail03.mps, 10, FJ, N/A
rail03.mps, 10, highs, N/A
rail03.mps, 10, cplex, N/A
rail03.mps, 10, Local-ILP, N/A
ramos3.mps, 10, SCIP, 242.0
ramos3.mps, 10, gurobi(exact), 542.0
ramos3.mps, 10, gurobi(heur), 542.0
ramos3.mps, 10, FJ, 272.0
ramos3.mps, 10, highs, N/A
ramos3.mps, 10, cplex, 2187.0
ramos3.mps, 10, Local-ILP, 216.0
reblock354.mps, 10, SCIP, -34304328.418016
reblock354.mps, 10, gurobi(exact), -25307700.0
reblock354.mps, 10, gurobi(heur), -38715400.0
reblock354.mps, 10, FJ, 0.0
reblock354.mps, 10, highs, N/A
reblock354.mps, 10, cplex, -38935306.311
reblock354.mps, 10, Local-ILP, -32233431.925997037
rmine10.mps, 10, SCIP, -420.880616
rmine10.mps, 10, gurobi(exact), -289.29
rmine10.mps, 10, gurobi(heur), -289.29
rmine10.mps, 10, FJ, 0.0
rmine10.mps, 10, highs, N/A
rmine10.mps, 10, cplex, 0.0
rmine10.mps, 10, Local-ILP, -1843.446488
rmine11.mps, 10, SCIP, 0.0
rmine11.mps, 10, gurobi(exact), -320.631
rmine11.mps, 10, gurobi(heur), -320.631
rmine11.mps, 10, FJ, 0.0
rmine11.mps, 10, highs, N/A
rmine11.mps, 10, cplex, 0.0
rmine11.mps, 10, Local-ILP, -2193.339884
rmine13.mps, 10, SCIP, 0.0
rmine13.mps, 10, gurobi(exact), -335.379
rmine13.mps, 10, gurobi(heur), -335.379
rmine13.mps, 10, FJ, 0.0
rmine13.mps, 10, highs, N/A
rmine13.mps, 10, cplex, 0.0
rmine13.mps, 10, Local-ILP, -869.5923129999999
rmine14.mps, 10, SCIP, 0.0
rmine14.mps, 10, gurobi(exact), -308.697
rmine14.mps, 10, gurobi(heur), -308.697
rmine14.mps, 10, FJ, 0.0
rmine14.mps, 10, highs, N/A
rmine14.mps, 10, cplex, 0.0
rmine14.mps, 10, Local-ILP, -648.7356719999999
rmine15.mps, 10, SCIP, 0.0
rmine15.mps, 10, gurobi(exact), -291.168
rmine15.mps, 10, gurobi(heur), -291.168
rmine15.mps, 10, FJ, 0.0
rmine15.mps, 10, highs, N/A
rmine15.mps, 10, cplex, 0.0
rmine15.mps, 10, Local-ILP, -610.3868759999999
rmine21.mps, 10, SCIP, 0.0
rmine21.mps, 10, gurobi(exact), -214.184
rmine21.mps, 10, gurobi(heur), -214.184
rmine21.mps, 10, FJ, 0.0
rmine21.mps, 10, highs, N/A
rmine21.mps, 10, cplex, 0.0
rmine21.mps, 10, Local-ILP, -176.740064
rmine25.mps, 10, SCIP, 0.0
rmine25.mps, 10, gurobi(exact), -185.328
rmine25.mps, 10, gurobi(heur), -185.328
rmine25.mps, 10, FJ, N/A
rmine25.mps, 10, highs, N/A
rmine25.mps, 10, cplex, 0.0
rmine25.mps, 10, Local-ILP, 0.0
rococoC11-010100.mps, 10, SCIP, 23556.0
rococoC11-010100.mps, 10, gurobi(exact), 28903.0
rococoC11-010100.mps, 10, gurobi(heur), 38158.0
rococoC11-010100.mps, 10, FJ, N/A
rococoC11-010100.mps, 10, highs, 143170.0
rococoC11-010100.mps, 10, cplex, 27141.0
rococoC11-010100.mps, 10, Local-ILP, 23341.0
rococoC12-010001.mps, 10, SCIP, 90053.0
rococoC12-010001.mps, 10, gurobi(exact), 42709.0
rococoC12-010001.mps, 10, gurobi(heur), 39659.0
rococoC12-010001.mps, 10, FJ, N/A
rococoC12-010001.mps, 10, highs, 117774.0
rococoC12-010001.mps, 10, cplex, 43545.0
rococoC12-010001.mps, 10, Local-ILP, 46601.0
rococoC12-111000.mps, 10, SCIP, 88111.0
rococoC12-111000.mps, 10, gurobi(exact), 39585.0
rococoC12-111000.mps, 10, gurobi(heur), 38862.0
rococoC12-111000.mps, 10, FJ, N/A
rococoC12-111000.mps, 10, highs, 40325.0
rococoC12-111000.mps, 10, cplex, 41596.0
rococoC12-111000.mps, 10, Local-ILP, 42813.0
s100.mps, 10, SCIP, N/A
s100.mps, 10, gurobi(exact), -0.0394471
s100.mps, 10, gurobi(heur), -0.0394471
s100.mps, 10, FJ, N/A
s100.mps, 10, highs, N/A
s100.mps, 10, cplex, N/A
s100.mps, 10, Local-ILP, -0.14215652812708
s1234.mps, 10, SCIP, N/A
s1234.mps, 10, gurobi(exact), 299.0
s1234.mps, 10, gurobi(heur), 299.0
s1234.mps, 10, FJ, 328.0
s1234.mps, 10, highs, N/A
s1234.mps, 10, cplex, N/A
s1234.mps, 10, Local-ILP, 349.0
scpj4scip.mps, 10, SCIP, 2942.0
scpj4scip.mps, 10, gurobi(exact), 198.0
scpj4scip.mps, 10, gurobi(heur), 198.0
scpj4scip.mps, 10, FJ, 6568.0
scpj4scip.mps, 10, highs, N/A
scpj4scip.mps, 10, cplex, 162.0
scpj4scip.mps, 10, Local-ILP, 3845.0
scpk4.mps, 10, SCIP, 6742.0
scpk4.mps, 10, gurobi(exact), 367.0
scpk4.mps, 10, gurobi(heur), 367.0
scpk4.mps, 10, FJ, 15080.0
scpk4.mps, 10, highs, N/A
scpk4.mps, 10, cplex, 5050839.0
scpk4.mps, 10, Local-ILP, 8032.0
scpl4.mps, 10, SCIP, 10112360.0
scpl4.mps, 10, gurobi(exact), 40800.0
scpl4.mps, 10, gurobi(heur), 40800.0
scpl4.mps, 10, FJ, 14436.0
scpl4.mps, 10, highs, N/A
scpl4.mps, 10, cplex, 10117913.0
scpl4.mps, 10, Local-ILP, 8721.0
scpm1.mps, 10, SCIP, 25254186.0
scpm1.mps, 10, gurobi(exact), 86800.0
scpm1.mps, 10, gurobi(heur), 86800.0
scpm1.mps, 10, FJ, 31911.0
scpm1.mps, 10, highs, N/A
scpm1.mps, 10, cplex, 25254186.0
scpm1.mps, 10, Local-ILP, 20125.0
scpn2.mps, 10, SCIP, N/A
scpn2.mps, 10, gurobi(exact), 84900.0
scpn2.mps, 10, gurobi(heur), 84900.0
scpn2.mps, 10, FJ, 31110.0
scpn2.mps, 10, highs, N/A
scpn2.mps, 10, cplex, 50506522.0
scpn2.mps, 10, Local-ILP, 20460.0
seymour-disj-10.mps, 10, SCIP, 361.0
seymour-disj-10.mps, 10, gurobi(exact), 293.0
seymour-disj-10.mps, 10, gurobi(heur), 293.0
seymour-disj-10.mps, 10, FJ, 374.0
seymour-disj-10.mps, 10, highs, 540.0
seymour-disj-10.mps, 10, cplex, 292.99999999
seymour-disj-10.mps, 10, Local-ILP, 291.0
seymour.mps, 10, SCIP, 431.0
seymour.mps, 10, gurobi(exact), 431.0
seymour.mps, 10, gurobi(heur), 431.0
seymour.mps, 10, FJ, 477.0
seymour.mps, 10, highs, 430.0
seymour.mps, 10, cplex, 439.0
seymour.mps, 10, Local-ILP, 440.0
sorrell3.mps, 10, SCIP, -11.0
sorrell3.mps, 10, gurobi(exact), -14.0
sorrell3.mps, 10, gurobi(heur), -14.0
sorrell3.mps, 10, FJ, -1.0
sorrell3.mps, 10, highs, -1.0
sorrell3.mps, 10, cplex, -14.0
sorrell3.mps, 10, Local-ILP, -13.0
sorrell4.mps, 10, SCIP, 0.0
sorrell4.mps, 10, gurobi(exact), -16.0
sorrell4.mps, 10, gurobi(heur), -16.0
sorrell4.mps, 10, FJ, -1.0
sorrell4.mps, 10, highs, N/A
sorrell4.mps, 10, cplex, -19.0
sorrell4.mps, 10, Local-ILP, -18.0
sorrell7.mps, 10, SCIP, -154.0
sorrell7.mps, 10, gurobi(exact), -151.0
sorrell7.mps, 10, gurobi(heur), -151.0
sorrell7.mps, 10, FJ, -1.0
sorrell7.mps, 10, highs, -2.0
sorrell7.mps, 10, cplex, -2.0
sorrell7.mps, 10, Local-ILP, -176.0
sp97ar.mps, 10, SCIP, 784675182.920001
sp97ar.mps, 10, gurobi(exact), 677958000.0
sp97ar.mps, 10, gurobi(heur), 679109000.0
sp97ar.mps, 10, FJ, 1723979826.04
sp97ar.mps, 10, highs, N/A
sp97ar.mps, 10, cplex, 666640833.2
sp97ar.mps, 10, Local-ILP, 947920837.64
splice1k1.mps, 10, SCIP, N/A
splice1k1.mps, 10, gurobi(exact), -121.0
splice1k1.mps, 10, gurobi(heur), -121.0
splice1k1.mps, 10, FJ, -3.0
splice1k1.mps, 10, highs, N/A
splice1k1.mps, 10, cplex, 0.0
splice1k1.mps, 10, Local-ILP, -30.0
stp3d.mps, 10, SCIP, N/A
stp3d.mps, 10, gurobi(exact), N/A
stp3d.mps, 10, gurobi(heur), N/A
stp3d.mps, 10, FJ, N/A
stp3d.mps, 10, highs, N/A
stp3d.mps, 10, cplex, N/A
stp3d.mps, 10, Local-ILP, N/A
sts405.mps, 10, SCIP, 350.0
sts405.mps, 10, gurobi(exact), 348.0
sts405.mps, 10, gurobi(heur), 348.0
sts405.mps, 10, FJ, 349.0
sts405.mps, 10, highs, 403.0
sts405.mps, 10, cplex, 352.0
sts405.mps, 10, Local-ILP, 343.0
sts729.mps, 10, SCIP, 656.999999999999
sts729.mps, 10, gurobi(exact), 650.0
sts729.mps, 10, gurobi(heur), 650.0
sts729.mps, 10, FJ, 665.0
sts729.mps, 10, highs, 728.0
sts729.mps, 10, cplex, 729.0
sts729.mps, 10, Local-ILP, 647.0
supportcase10.mps, 10, SCIP, 14.0
supportcase10.mps, 10, gurobi(exact), 15.0
supportcase10.mps, 10, gurobi(heur), 15.0
supportcase10.mps, 10, FJ, 24.0
supportcase10.mps, 10, highs, N/A
supportcase10.mps, 10, cplex, 23.0
supportcase10.mps, 10, Local-ILP, 20.0
supportcase19.mps, 10, SCIP, N/A
supportcase19.mps, 10, gurobi(exact), N/A
supportcase19.mps, 10, gurobi(heur), N/A
supportcase19.mps, 10, FJ, N/A
supportcase19.mps, 10, highs, N/A
supportcase19.mps, 10, cplex, N/A
supportcase19.mps, 10, Local-ILP, N/A
supportcase22.mps, 10, SCIP, N/A
supportcase22.mps, 10, gurobi(exact), N/A
supportcase22.mps, 10, gurobi(heur), N/A
supportcase22.mps, 10, FJ, N/A
supportcase22.mps, 10, highs, N/A
supportcase22.mps, 10, cplex, N/A
supportcase22.mps, 10, Local-ILP, N/A
supportcase2.mps, 10, SCIP, N/A
supportcase2.mps, 10, gurobi(exact), N/A
supportcase2.mps, 10, gurobi(heur), N/A
supportcase2.mps, 10, FJ, 654.0
supportcase2.mps, 10, highs, N/A
supportcase2.mps, 10, cplex, N/A
supportcase2.mps, 10, Local-ILP, 665.0
supportcase30.mps, 10, SCIP, N/A
supportcase30.mps, 10, gurobi(exact), N/A
supportcase30.mps, 10, gurobi(heur), N/A
supportcase30.mps, 10, FJ, N/A
supportcase30.mps, 10, highs, N/A
supportcase30.mps, 10, cplex, N/A
supportcase30.mps, 10, Local-ILP, N/A
supportcase3.mps, 10, SCIP, N/A
supportcase3.mps, 10, gurobi(exact), N/A
supportcase3.mps, 10, gurobi(heur), N/A
supportcase3.mps, 10, FJ, N/A
supportcase3.mps, 10, highs, N/A
supportcase3.mps, 10, cplex, N/A
supportcase3.mps, 10, Local-ILP, N/A
t1717.mps, 10, SCIP, 317206.0
t1717.mps, 10, gurobi(exact), 201342.0
t1717.mps, 10, gurobi(heur), 201342.0
t1717.mps, 10, FJ, 420881.0
t1717.mps, 10, highs, N/A
t1717.mps, 10, cplex, 200300.0
t1717.mps, 10, Local-ILP, 494294.0
t1722.mps, 10, SCIP, 251008.0
t1722.mps, 10, gurobi(exact), 122427.0
t1722.mps, 10, gurobi(heur), 121741.0
t1722.mps, 10, FJ, 277531.0
t1722.mps, 10, highs, N/A
t1722.mps, 10, cplex, 141518.0
t1722.mps, 10, Local-ILP, 275661.0
tokyometro.mps, 10, SCIP, 20716.2999999998
tokyometro.mps, 10, gurobi(exact), N/A
tokyometro.mps, 10, gurobi(heur), N/A
tokyometro.mps, 10, FJ, N/A
tokyometro.mps, 10, highs, N/A
tokyometro.mps, 10, cplex, N/A
tokyometro.mps, 10, Local-ILP, 60625.9
tw-myciel4.mps, 10, SCIP, 11.0
tw-myciel4.mps, 10, gurobi(exact), 10.0
tw-myciel4.mps, 10, gurobi(heur), 10.0
tw-myciel4.mps, 10, FJ, 100000000000.0
tw-myciel4.mps, 10, highs, 10.0
tw-myciel4.mps, 10, cplex, 16.0
tw-myciel4.mps, 10, Local-ILP, 10.0
usafa.mps, 10, SCIP, N/A
usafa.mps, 10, gurobi(exact), 28526.2
usafa.mps, 10, gurobi(heur), 28526.2
usafa.mps, 10, FJ, N/A
usafa.mps, 10, highs, N/A
usafa.mps, 10, cplex, 28526.25
usafa.mps, 10, Local-ILP, N/A
v150d30-2hopcds.mps, 10, SCIP, 45.0
v150d30-2hopcds.mps, 10, gurobi(exact), 45.0
v150d30-2hopcds.mps, 10, gurobi(heur), 45.0
v150d30-2hopcds.mps, 10, FJ, 48.0
v150d30-2hopcds.mps, 10, highs, 43.0
v150d30-2hopcds.mps, 10, cplex, 47.0
v150d30-2hopcds.mps, 10, Local-ILP, 42.0
wnq-n100-mw99-14.mps, 10, SCIP, N/A
wnq-n100-mw99-14.mps, 10, gurobi(exact), 321.0
wnq-n100-mw99-14.mps, 10, gurobi(heur), 321.0
wnq-n100-mw99-14.mps, 10, FJ, 5206.0
wnq-n100-mw99-14.mps, 10, highs, N/A
wnq-n100-mw99-14.mps, 10, cplex, 307.0
wnq-n100-mw99-14.mps, 10, Local-ILP, 4789.0
woodlands09.mps, 10, SCIP, N/A
woodlands09.mps, 10, gurobi(exact), N/A
woodlands09.mps, 10, gurobi(heur), N/A
woodlands09.mps, 10, FJ, N/A
woodlands09.mps, 10, highs, N/A
woodlands09.mps, 10, cplex, N/A
woodlands09.mps, 10, Local-ILP, N/A
z26.mps, 10, SCIP, 0.0
z26.mps, 10, gurobi(exact), -1005.0
z26.mps, 10, gurobi(heur), -1005.0
z26.mps, 10, FJ, -1.0
z26.mps, 10, highs, N/A
z26.mps, 10, cplex, -194.0
z26.mps, 10, Local-ILP, -1041.0
zib01.mps, 10, SCIP, N/A
zib01.mps, 10, gurobi(exact), N/A
zib01.mps, 10, gurobi(heur), N/A
zib01.mps, 10, FJ, N/A
zib01.mps, 10, highs, N/A
zib01.mps, 10, cplex, N/A
zib01.mps, 10, Local-ILP, N/A
zib02.mps, 10, SCIP, N/A
zib02.mps, 10, gurobi(exact), N/A
zib02.mps, 10, gurobi(heur), N/A
zib02.mps, 10, FJ, N/A
zib02.mps, 10, highs, N/A
zib02.mps, 10, cplex, N/A
zib02.mps, 10, Local-ILP, N/A
2club200v15p5scn.mps, 60, SCIP, -28.0
2club200v15p5scn.mps, 60, gurobi(exact), -62.0
2club200v15p5scn.mps, 60, gurobi(heur), -60.0
2club200v15p5scn.mps, 60, FJ, -1.0
2club200v15p5scn.mps, 60, highs, N/A
2club200v15p5scn.mps, 60, cplex, -39.0
2club200v15p5scn.mps, 60, Local-ILP, -68.0
a2864-99blp.mps, 60, SCIP, -71.0
a2864-99blp.mps, 60, gurobi(exact), -72.0
a2864-99blp.mps, 60, gurobi(heur), -72.0
a2864-99blp.mps, 60, FJ, -18.0
a2864-99blp.mps, 60, highs, N/A
a2864-99blp.mps, 60, cplex, -17.0
a2864-99blp.mps, 60, Local-ILP, -74.0
academictimetablebig.mps, 60, SCIP, N/A
academictimetablebig.mps, 60, gurobi(exact), N/A
academictimetablebig.mps, 60, gurobi(heur), N/A
academictimetablebig.mps, 60, FJ, 133607.0
academictimetablebig.mps, 60, highs, N/A
academictimetablebig.mps, 60, cplex, N/A
academictimetablebig.mps, 60, Local-ILP, N/A
bab1.mps, 60, SCIP, -214348.46625
bab1.mps, 60, gurobi(exact), -218326.0
bab1.mps, 60, gurobi(heur), -218519.0
bab1.mps, 60, FJ, -87472.801
bab1.mps, 60, highs, -217407.0405
bab1.mps, 60, cplex, -218764.88525
bab1.mps, 60, Local-ILP, -150625.22525
bab2.mps, 60, SCIP, N/A
bab2.mps, 60, gurobi(exact), N/A
bab2.mps, 60, gurobi(heur), N/A
bab2.mps, 60, FJ, N/A
bab2.mps, 60, highs, N/A
bab2.mps, 60, cplex, N/A
bab2.mps, 60, Local-ILP, N/A
bab3.mps, 60, SCIP, N/A
bab3.mps, 60, gurobi(exact), N/A
bab3.mps, 60, gurobi(heur), N/A
bab3.mps, 60, FJ, N/A
bab3.mps, 60, highs, N/A
bab3.mps, 60, cplex, N/A
bab3.mps, 60, Local-ILP, N/A
bab6.mps, 60, SCIP, N/A
bab6.mps, 60, gurobi(exact), N/A
bab6.mps, 60, gurobi(heur), N/A
bab6.mps, 60, FJ, N/A
bab6.mps, 60, highs, N/A
bab6.mps, 60, cplex, N/A
bab6.mps, 60, Local-ILP, N/A
bley_xs1.mps, 60, SCIP, 8835074.25
bley_xs1.mps, 60, gurobi(exact), 19125100.0
bley_xs1.mps, 60, gurobi(heur), 19125100.0
bley_xs1.mps, 60, FJ, 1.5171775664346896e+17
bley_xs1.mps, 60, highs, N/A
bley_xs1.mps, 60, cplex, 6723276.11
bley_xs1.mps, 60, Local-ILP, 6934614.860000001
bley_xs1noM.mps, 60, SCIP, 8835074.25
bley_xs1noM.mps, 60, gurobi(exact), 4389000.0
bley_xs1noM.mps, 60, gurobi(heur), 4394680.0
bley_xs1noM.mps, 60, FJ, 713930383.58
bley_xs1noM.mps, 60, highs, N/A
bley_xs1noM.mps, 60, cplex, 4528547.39
bley_xs1noM.mps, 60, Local-ILP, 9535409.340000002
cdc7-4-3-2.mps, 60, SCIP, -230.0
cdc7-4-3-2.mps, 60, gurobi(exact), -232.0
cdc7-4-3-2.mps, 60, gurobi(heur), -232.0
cdc7-4-3-2.mps, 60, FJ, -1.0
cdc7-4-3-2.mps, 60, highs, N/A
cdc7-4-3-2.mps, 60, cplex, 0.0
cdc7-4-3-2.mps, 60, Local-ILP, -275.0
circ10-3.mps, 60, SCIP, N/A
circ10-3.mps, 60, gurobi(exact), N/A
circ10-3.mps, 60, gurobi(heur), N/A
circ10-3.mps, 60, FJ, 390.0
circ10-3.mps, 60, highs, N/A
circ10-3.mps, 60, cplex, N/A
circ10-3.mps, 60, Local-ILP, 384.0
comp12-2idx.mps, 60, SCIP, N/A
comp12-2idx.mps, 60, gurobi(exact), 825.0
comp12-2idx.mps, 60, gurobi(heur), 653.0
comp12-2idx.mps, 60, FJ, 2784.0
comp12-2idx.mps, 60, highs, 2195.0
comp12-2idx.mps, 60, cplex, 1263.0
comp12-2idx.mps, 60, Local-ILP, 676.0
comp21-2idx.mps, 60, SCIP, 699.0
comp21-2idx.mps, 60, gurobi(exact), 134.0
comp21-2idx.mps, 60, gurobi(heur), 144.0
comp21-2idx.mps, 60, FJ, 1454.0
comp21-2idx.mps, 60, highs, 283.0
comp21-2idx.mps, 60, cplex, 256.0
comp21-2idx.mps, 60, Local-ILP, 572.0
d10200.mps, 60, SCIP, 12455.0
d10200.mps, 60, gurobi(exact), 12449.0
d10200.mps, 60, gurobi(heur), 12440.0
d10200.mps, 60, FJ, 12933.0
d10200.mps, 60, highs, 12446.0
d10200.mps, 60, cplex, 12439.0
d10200.mps, 60, Local-ILP, 12808.0
d20200.mps, 60, SCIP, 12289.0
d20200.mps, 60, gurobi(exact), 12308.0
d20200.mps, 60, gurobi(heur), 12287.0
d20200.mps, 60, FJ, 13889.0
d20200.mps, 60, highs, 12339.0
d20200.mps, 60, cplex, 12330.0
d20200.mps, 60, Local-ILP, 13681.0
datt256.mps, 60, SCIP, N/A
datt256.mps, 60, gurobi(exact), N/A
datt256.mps, 60, gurobi(heur), N/A
datt256.mps, 60, FJ, N/A
datt256.mps, 60, highs, N/A
datt256.mps, 60, cplex, N/A
datt256.mps, 60, Local-ILP, N/A
ds-big.mps, 60, SCIP, 2348.49774660999
ds-big.mps, 60, gurobi(exact), 62520.0
ds-big.mps, 60, gurobi(heur), 62520.0
ds-big.mps, 60, FJ, 7077.160192
ds-big.mps, 60, highs, N/A
ds-big.mps, 60, cplex, 3765.5748321
ds-big.mps, 60, Local-ILP, 4131.96027998
ds.mps, 60, SCIP, 1350.7675
ds.mps, 60, gurobi(exact), 5166.0
ds.mps, 60, gurobi(heur), 5166.0
ds.mps, 60, FJ, 1517.1625
ds.mps, 60, highs, 4118.885
ds.mps, 60, cplex, 1215.2025
ds.mps, 60, Local-ILP, 884.185
ex1010-pi.mps, 60, SCIP, 252.0
ex1010-pi.mps, 60, gurobi(exact), 272.0
ex1010-pi.mps, 60, gurobi(heur), 265.0
ex1010-pi.mps, 60, FJ, 378.0
ex1010-pi.mps, 60, highs, 639.0
ex1010-pi.mps, 60, cplex, 251.0
ex1010-pi.mps, 60, Local-ILP, 278.0
f2000.mps, 60, SCIP, N/A
f2000.mps, 60, gurobi(exact), N/A
f2000.mps, 60, gurobi(heur), N/A
f2000.mps, 60, FJ, N/A
f2000.mps, 60, highs, N/A
f2000.mps, 60, cplex, N/A
f2000.mps, 60, Local-ILP, N/A
fhnw-sq2.mps, 60, SCIP, N/A
fhnw-sq2.mps, 60, gurobi(exact), N/A
fhnw-sq2.mps, 60, gurobi(heur), N/A
fhnw-sq2.mps, 60, FJ, N/A
fhnw-sq2.mps, 60, highs, N/A
fhnw-sq2.mps, 60, cplex, N/A
fhnw-sq2.mps, 60, Local-ILP, N/A
graph20-80-1rand.mps, 60, SCIP, -1.0
graph20-80-1rand.mps, 60, gurobi(exact), -4.0
graph20-80-1rand.mps, 60, gurobi(heur), -4.0
graph20-80-1rand.mps, 60, FJ, 0.0
graph20-80-1rand.mps, 60, highs, -1.0
graph20-80-1rand.mps, 60, cplex, 0.0
graph20-80-1rand.mps, 60, Local-ILP, -5.0
graph40-20-1rand.mps, 60, SCIP, -1.0
graph40-20-1rand.mps, 60, gurobi(exact), -15.0
graph40-20-1rand.mps, 60, gurobi(heur), -15.0
graph40-20-1rand.mps, 60, FJ, 0.0
graph40-20-1rand.mps, 60, highs, N/A
graph40-20-1rand.mps, 60, cplex, 0.0
graph40-20-1rand.mps, 60, Local-ILP, -4.0
graph40-40-1rand.mps, 60, SCIP, N/A
graph40-40-1rand.mps, 60, gurobi(exact), 0.0
graph40-40-1rand.mps, 60, gurobi(heur), 0.0
graph40-40-1rand.mps, 60, FJ, 0.0
graph40-40-1rand.mps, 60, highs, N/A
graph40-40-1rand.mps, 60, cplex, 0.0
graph40-40-1rand.mps, 60, Local-ILP, -3.0
graph40-80-1rand.mps, 60, SCIP, N/A
graph40-80-1rand.mps, 60, gurobi(exact), 0.0
graph40-80-1rand.mps, 60, gurobi(heur), 0.0
graph40-80-1rand.mps, 60, FJ, 0.0
graph40-80-1rand.mps, 60, highs, N/A
graph40-80-1rand.mps, 60, cplex, 0.0
graph40-80-1rand.mps, 60, Local-ILP, 0.0
hanoi5.mps, 60, SCIP, N/A
hanoi5.mps, 60, gurobi(exact), N/A
hanoi5.mps, 60, gurobi(heur), N/A
hanoi5.mps, 60, FJ, N/A
hanoi5.mps, 60, highs, N/A
hanoi5.mps, 60, cplex, N/A
hanoi5.mps, 60, Local-ILP, N/A
highschool1-aigio.mps, 60, SCIP, N/A
highschool1-aigio.mps, 60, gurobi(exact), N/A
highschool1-aigio.mps, 60, gurobi(heur), N/A
highschool1-aigio.mps, 60, FJ, N/A
highschool1-aigio.mps, 60, highs, N/A
highschool1-aigio.mps, 60, cplex, N/A
highschool1-aigio.mps, 60, Local-ILP, 9864.0
ivu06-big.mps, 60, SCIP, N/A
ivu06-big.mps, 60, gurobi(exact), 9416.0
ivu06-big.mps, 60, gurobi(heur), 9416.0
ivu06-big.mps, 60, FJ, 747.175003
ivu06-big.mps, 60, highs, N/A
ivu06-big.mps, 60, cplex, 206.32833464
ivu06-big.mps, 60, Local-ILP, 473.731336386
ivu06.mps, 60, SCIP, N/A
ivu06.mps, 60, gurobi(exact), 9416.0
ivu06.mps, 60, gurobi(heur), 9416.0
ivu06.mps, 60, FJ, 788.68967
ivu06.mps, 60, highs, N/A
ivu06.mps, 60, cplex, 221.74666896
ivu06.mps, 60, Local-ILP, 565.382005607
ivu59.mps, 60, SCIP, N/A
ivu59.mps, 60, gurobi(exact), 27488.0
ivu59.mps, 60, gurobi(heur), 27488.0
ivu59.mps, 60, FJ, 7011.310451
ivu59.mps, 60, highs, N/A
ivu59.mps, 60, cplex, 3035.4194069
ivu59.mps, 60, Local-ILP, N/A
kosova1.mps, 60, SCIP, N/A
kosova1.mps, 60, gurobi(exact), N/A
kosova1.mps, 60, gurobi(heur), N/A
kosova1.mps, 60, FJ, N/A
kosova1.mps, 60, highs, N/A
kosova1.mps, 60, cplex, N/A
kosova1.mps, 60, Local-ILP, N/A
kottenpark09.mps, 60, SCIP, N/A
kottenpark09.mps, 60, gurobi(exact), N/A
kottenpark09.mps, 60, gurobi(heur), N/A
kottenpark09.mps, 60, FJ, N/A
kottenpark09.mps, 60, highs, N/A
kottenpark09.mps, 60, cplex, N/A
kottenpark09.mps, 60, Local-ILP, N/A
lectsched-1-obj.mps, 60, SCIP, N/A
lectsched-1-obj.mps, 60, gurobi(exact), N/A
lectsched-1-obj.mps, 60, gurobi(heur), 98.0
lectsched-1-obj.mps, 60, FJ, N/A
lectsched-1-obj.mps, 60, highs, N/A
lectsched-1-obj.mps, 60, cplex, N/A
lectsched-1-obj.mps, 60, Local-ILP, 191.0
methanosarcina.mps, 60, SCIP, 3122.0
methanosarcina.mps, 60, gurobi(exact), 2894.0
methanosarcina.mps, 60, gurobi(heur), 2868.0
methanosarcina.mps, 60, FJ, 2919.0
methanosarcina.mps, 60, highs, 3451.0
methanosarcina.mps, 60, cplex, 3254.0
methanosarcina.mps, 60, Local-ILP, 2861.0
neos-2974461-ibar.mps, 60, SCIP, 473952396.771
neos-2974461-ibar.mps, 60, gurobi(exact), 637328000.0
neos-2974461-ibar.mps, 60, gurobi(heur), 637328000.0
neos-2974461-ibar.mps, 60, FJ, N/A
neos-2974461-ibar.mps, 60, highs, N/A
neos-2974461-ibar.mps, 60, cplex, 637327600.0
neos-2974461-ibar.mps, 60, Local-ILP, 637327600.0
neos-3068746-nene.mps, 60, SCIP, 62099579.8163
neos-3068746-nene.mps, 60, gurobi(exact), 61924400.0
neos-3068746-nene.mps, 60, gurobi(heur), 62084200.0
neos-3068746-nene.mps, 60, FJ, N/A
neos-3068746-nene.mps, 60, highs, 64007078.69005
neos-3068746-nene.mps, 60, cplex, 61911959.395
neos-3068746-nene.mps, 60, Local-ILP, 94572294.312
neos-3214367-sovi.mps, 60, SCIP, N/A
neos-3214367-sovi.mps, 60, gurobi(exact), N/A
neos-3214367-sovi.mps, 60, gurobi(heur), N/A
neos-3214367-sovi.mps, 60, FJ, N/A
neos-3214367-sovi.mps, 60, highs, N/A
neos-3214367-sovi.mps, 60, cplex, N/A
neos-3214367-sovi.mps, 60, Local-ILP, N/A
neos-3237086-abava.mps, 60, SCIP, N/A
neos-3237086-abava.mps, 60, gurobi(exact), N/A
neos-3237086-abava.mps, 60, gurobi(heur), N/A
neos-3237086-abava.mps, 60, FJ, N/A
neos-3237086-abava.mps, 60, highs, N/A
neos-3237086-abava.mps, 60, cplex, N/A
neos-3237086-abava.mps, 60, Local-ILP, N/A
neos-3322547-alsek.mps, 60, SCIP, N/A
neos-3322547-alsek.mps, 60, gurobi(exact), 423.0
neos-3322547-alsek.mps, 60, gurobi(heur), 423.0
neos-3322547-alsek.mps, 60, FJ, 487.0
neos-3322547-alsek.mps, 60, highs, N/A
neos-3322547-alsek.mps, 60, cplex, 1000.0
neos-3322547-alsek.mps, 60, Local-ILP, 417.0
neos-3355120-tarago.mps, 60, SCIP, N/A
neos-3355120-tarago.mps, 60, gurobi(exact), N/A
neos-3355120-tarago.mps, 60, gurobi(heur), N/A
neos-3355120-tarago.mps, 60, FJ, N/A
neos-3355120-tarago.mps, 60, highs, N/A
neos-3355120-tarago.mps, 60, cplex, N/A
neos-3355120-tarago.mps, 60, Local-ILP, N/A
neos-3355323-arnon.mps, 60, SCIP, N/A
neos-3355323-arnon.mps, 60, gurobi(exact), N/A
neos-3355323-arnon.mps, 60, gurobi(heur), N/A
neos-3355323-arnon.mps, 60, FJ, N/A
neos-3355323-arnon.mps, 60, highs, N/A
neos-3355323-arnon.mps, 60, cplex, N/A
neos-3355323-arnon.mps, 60, Local-ILP, N/A
neos-3426085-ticino.mps, 60, SCIP, 242.0
neos-3426085-ticino.mps, 60, gurobi(exact), 228.0
neos-3426085-ticino.mps, 60, gurobi(heur), 227.0
neos-3426085-ticino.mps, 60, FJ, 288.0
neos-3426085-ticino.mps, 60, highs, 233.0
neos-3426085-ticino.mps, 60, cplex, 226.0
neos-3426085-ticino.mps, 60, Local-ILP, 233.0
neos-3426132-dieze.mps, 60, SCIP, 452.0
neos-3426132-dieze.mps, 60, gurobi(exact), 434.0
neos-3426132-dieze.mps, 60, gurobi(heur), 415.0
neos-3426132-dieze.mps, 60, FJ, 542.0
neos-3426132-dieze.mps, 60, highs, 418.0
neos-3426132-dieze.mps, 60, cplex, 409.0
neos-3426132-dieze.mps, 60, Local-ILP, 426.0
neos-3530905-gaula.mps, 60, SCIP, 167.0
neos-3530905-gaula.mps, 60, gurobi(exact), 159.0
neos-3530905-gaula.mps, 60, gurobi(heur), 159.0
neos-3530905-gaula.mps, 60, FJ, 185.0
neos-3530905-gaula.mps, 60, highs, 160.0
neos-3530905-gaula.mps, 60, cplex, 159.0
neos-3530905-gaula.mps, 60, Local-ILP, 165.0
neos-3594536-henty.mps, 60, SCIP, 409317.000000001
neos-3594536-henty.mps, 60, gurobi(exact), 404186.0
neos-3594536-henty.mps, 60, gurobi(heur), 404225.0
neos-3594536-henty.mps, 60, FJ, N/A
neos-3594536-henty.mps, 60, highs, 415410.0
neos-3594536-henty.mps, 60, cplex, 471037.0
neos-3594536-henty.mps, 60, Local-ILP, 25321053206.0
neos-3603137-hoteo.mps, 60, SCIP, N/A
neos-3603137-hoteo.mps, 60, gurobi(exact), N/A
neos-3603137-hoteo.mps, 60, gurobi(heur), N/A
neos-3603137-hoteo.mps, 60, FJ, N/A
neos-3603137-hoteo.mps, 60, highs, N/A
neos-3603137-hoteo.mps, 60, cplex, N/A
neos-3603137-hoteo.mps, 60, Local-ILP, N/A
neos-3682128-sandon.mps, 60, SCIP, 43295135.0
neos-3682128-sandon.mps, 60, gurobi(exact), 36982100.0
neos-3682128-sandon.mps, 60, gurobi(heur), 35718900.0
neos-3682128-sandon.mps, 60, FJ, 2000000976444425.0
neos-3682128-sandon.mps, 60, highs, 35943960.00001
neos-3682128-sandon.mps, 60, cplex, 38602945.0
neos-3682128-sandon.mps, 60, Local-ILP, 90501340.0
neos-4165869-wannon.mps, 60, SCIP, N/A
neos-4165869-wannon.mps, 60, gurobi(exact), 293.0
neos-4165869-wannon.mps, 60, gurobi(heur), 293.0
neos-4165869-wannon.mps, 60, FJ, 366.0
neos-4165869-wannon.mps, 60, highs, N/A
neos-4165869-wannon.mps, 60, cplex, 295.0
neos-4165869-wannon.mps, 60, Local-ILP, 294.0
neos-4360552-sangro.mps, 60, SCIP, N/A
neos-4360552-sangro.mps, 60, gurobi(exact), N/A
neos-4360552-sangro.mps, 60, gurobi(heur), N/A
neos-4360552-sangro.mps, 60, FJ, N/A
neos-4360552-sangro.mps, 60, highs, N/A
neos-4360552-sangro.mps, 60, cplex, N/A
neos-4360552-sangro.mps, 60, Local-ILP, N/A
neos-4531126-vouga.mps, 60, SCIP, N/A
neos-4531126-vouga.mps, 60, gurobi(exact), N/A
neos-4531126-vouga.mps, 60, gurobi(heur), N/A
neos-4531126-vouga.mps, 60, FJ, N/A
neos-4531126-vouga.mps, 60, highs, N/A
neos-4531126-vouga.mps, 60, cplex, N/A
neos-4531126-vouga.mps, 60, Local-ILP, N/A
neos-4954274-beardy.mps, 60, SCIP, N/A
neos-4954274-beardy.mps, 60, gurobi(exact), N/A
neos-4954274-beardy.mps, 60, gurobi(heur), N/A
neos-4954274-beardy.mps, 60, FJ, 49206.67
neos-4954274-beardy.mps, 60, highs, N/A
neos-4954274-beardy.mps, 60, cplex, N/A
neos-4954274-beardy.mps, 60, Local-ILP, 31794.2825
neos-954925.mps, 60, SCIP, -217.695555555556
neos-954925.mps, 60, gurobi(exact), -237.76
neos-954925.mps, 60, gurobi(heur), -237.76
neos-954925.mps, 60, FJ, -0.986667
neos-954925.mps, 60, highs, N/A
neos-954925.mps, 60, cplex, N/A
neos-954925.mps, 60, Local-ILP, -237.7444444442
ns1828997.mps, 60, SCIP, 192.0
ns1828997.mps, 60, gurobi(exact), 14.0
ns1828997.mps, 60, gurobi(heur), 20.0
ns1828997.mps, 60, FJ, 225.0
ns1828997.mps, 60, highs, 124.0
ns1828997.mps, 60, cplex, 146.0
ns1828997.mps, 60, Local-ILP, 13.0
ns1853823.mps, 60, SCIP, 3560000.0
ns1853823.mps, 60, gurobi(exact), 284000.0
ns1853823.mps, 60, gurobi(heur), 284000.0
ns1853823.mps, 60, FJ, 2450000.0
ns1853823.mps, 60, highs, N/A
ns1853823.mps, 60, cplex, 5912000.0
ns1853823.mps, 60, Local-ILP, 3536000.0
ns1854840.mps, 60, SCIP, 4272000.0
ns1854840.mps, 60, gurobi(exact), 3092000.0
ns1854840.mps, 60, gurobi(heur), 3092000.0
ns1854840.mps, 60, FJ, 196800000000.0
ns1854840.mps, 60, highs, N/A
ns1854840.mps, 60, cplex, 4744000.0
ns1854840.mps, 60, Local-ILP, 3042000.0
ns894236.mps, 60, SCIP, N/A
ns894236.mps, 60, gurobi(exact), 18.0
ns894236.mps, 60, gurobi(heur), 18.0
ns894236.mps, 60, FJ, 18.0
ns894236.mps, 60, highs, N/A
ns894236.mps, 60, cplex, 17.0
ns894236.mps, 60, Local-ILP, 18.0
ns894786.mps, 60, SCIP, N/A
ns894786.mps, 60, gurobi(exact), N/A
ns894786.mps, 60, gurobi(heur), N/A
ns894786.mps, 60, FJ, 14.0
ns894786.mps, 60, highs, N/A
ns894786.mps, 60, cplex, 14.0
ns894786.mps, 60, Local-ILP, N/A
nu120-pr3.mps, 60, SCIP, 31190.0
nu120-pr3.mps, 60, gurobi(exact), 30915.0
nu120-pr3.mps, 60, gurobi(heur), 30690.0
nu120-pr3.mps, 60, FJ, 2232000000021725.0
nu120-pr3.mps, 60, highs, 33270.0
nu120-pr3.mps, 60, cplex, 30010.0
nu120-pr3.mps, 60, Local-ILP, 50075.0
nursesched-medium-hint03.mps, 60, SCIP, 8092.0
nursesched-medium-hint03.mps, 60, gurobi(exact), N/A
nursesched-medium-hint03.mps, 60, gurobi(heur), N/A
nursesched-medium-hint03.mps, 60, FJ, N/A
nursesched-medium-hint03.mps, 60, highs, N/A
nursesched-medium-hint03.mps, 60, cplex, N/A
nursesched-medium-hint03.mps, 60, Local-ILP, 6452.0
opm2-z10-s4.mps, 60, SCIP, -20344.0
opm2-z10-s4.mps, 60, gurobi(exact), -25932.0
opm2-z10-s4.mps, 60, gurobi(heur), -25932.0
opm2-z10-s4.mps, 60, FJ, 0.0
opm2-z10-s4.mps, 60, highs, N/A
opm2-z10-s4.mps, 60, cplex, -24834.0
opm2-z10-s4.mps, 60, Local-ILP, -29186.0
opm2-z12-s14.mps, 60, SCIP, -34409.0
opm2-z12-s14.mps, 60, gurobi(exact), -28855.0
opm2-z12-s14.mps, 60, gurobi(heur), -28855.0
opm2-z12-s14.mps, 60, FJ, 0.0
opm2-z12-s14.mps, 60, highs, N/A
opm2-z12-s14.mps, 60, cplex, 0.0
opm2-z12-s14.mps, 60, Local-ILP, -59894.0
opm2-z12-s7.mps, 60, SCIP, -37611.0
opm2-z12-s7.mps, 60, gurobi(exact), -28549.0
opm2-z12-s7.mps, 60, gurobi(heur), -28549.0
opm2-z12-s7.mps, 60, FJ, 0.0
opm2-z12-s7.mps, 60, highs, N/A
opm2-z12-s7.mps, 60, cplex, 0.0
opm2-z12-s7.mps, 60, Local-ILP, -60415.0
opm2-z12-s8.mps, 60, SCIP, -36275.0
opm2-z12-s8.mps, 60, gurobi(exact), -44075.0
opm2-z12-s8.mps, 60, gurobi(heur), -44075.0
opm2-z12-s8.mps, 60, FJ, 0.0
opm2-z12-s8.mps, 60, highs, N/A
opm2-z12-s8.mps, 60, cplex, 0.0
opm2-z12-s8.mps, 60, Local-ILP, -50573.0
p6b.mps, 60, SCIP, -62.0
p6b.mps, 60, gurobi(exact), -62.0
p6b.mps, 60, gurobi(heur), -62.0
p6b.mps, 60, FJ, -1.0
p6b.mps, 60, highs, -61.0
p6b.mps, 60, cplex, -60.0
p6b.mps, 60, Local-ILP, -61.0
pb-gfrd-pnc.mps, 60, SCIP, N/A
pb-gfrd-pnc.mps, 60, gurobi(exact), N/A
pb-gfrd-pnc.mps, 60, gurobi(heur), N/A
pb-gfrd-pnc.mps, 60, FJ, N/A
pb-gfrd-pnc.mps, 60, highs, N/A
pb-gfrd-pnc.mps, 60, cplex, N/A
pb-gfrd-pnc.mps, 60, Local-ILP, N/A
pb-grow22.mps, 60, SCIP, 0.0
pb-grow22.mps, 60, gurobi(exact), 0.0
pb-grow22.mps, 60, gurobi(heur), 0.0
pb-grow22.mps, 60, FJ, 0.0
pb-grow22.mps, 60, highs, N/A
pb-grow22.mps, 60, cplex, 0.0
pb-grow22.mps, 60, Local-ILP, 0.0
pb-market-split8-70-4.mps, 60, SCIP, N/A
pb-market-split8-70-4.mps, 60, gurobi(exact), N/A
pb-market-split8-70-4.mps, 60, gurobi(heur), N/A
pb-market-split8-70-4.mps, 60, FJ, N/A
pb-market-split8-70-4.mps, 60, highs, N/A
pb-market-split8-70-4.mps, 60, cplex, N/A
pb-market-split8-70-4.mps, 60, Local-ILP, N/A
pb-simp-nonunif.mps, 60, SCIP, 90.0
pb-simp-nonunif.mps, 60, gurobi(exact), 73.0
pb-simp-nonunif.mps, 60, gurobi(heur), 73.0
pb-simp-nonunif.mps, 60, FJ, 112.0
pb-simp-nonunif.mps, 60, highs, 153.0
pb-simp-nonunif.mps, 60, cplex, 87.0
pb-simp-nonunif.mps, 60, Local-ILP, 133.0
proteindesign121hz512p19.mps, 60, SCIP, N/A
proteindesign121hz512p19.mps, 60, gurobi(exact), 3412.0
proteindesign121hz512p19.mps, 60, gurobi(heur), 3412.0
proteindesign121hz512p19.mps, 60, FJ, N/A
proteindesign121hz512p19.mps, 60, highs, N/A
proteindesign121hz512p19.mps, 60, cplex, 3412.0
proteindesign121hz512p19.mps, 60, Local-ILP, N/A
proteindesign121hz512p9.mps, 60, SCIP, N/A
proteindesign121hz512p9.mps, 60, gurobi(exact), 1491.0
proteindesign121hz512p9.mps, 60, gurobi(heur), 1484.0
proteindesign121hz512p9.mps, 60, FJ, N/A
proteindesign121hz512p9.mps, 60, highs, N/A
proteindesign121hz512p9.mps, 60, cplex, 1509.0
proteindesign121hz512p9.mps, 60, Local-ILP, 1509.0
protfold.mps, 60, SCIP, -12.0
protfold.mps, 60, gurobi(exact), -25.0
protfold.mps, 60, gurobi(heur), -25.0
protfold.mps, 60, FJ, -11.0
protfold.mps, 60, highs, -19.0
protfold.mps, 60, cplex, -21.0
protfold.mps, 60, Local-ILP, -14.0
pythago7824.mps, 60, SCIP, N/A
pythago7824.mps, 60, gurobi(exact), N/A
pythago7824.mps, 60, gurobi(heur), N/A
pythago7824.mps, 60, FJ, N/A
pythago7824.mps, 60, highs, N/A
pythago7824.mps, 60, cplex, N/A
pythago7824.mps, 60, Local-ILP, N/A
pythago7825.mps, 60, SCIP, N/A
pythago7825.mps, 60, gurobi(exact), N/A
pythago7825.mps, 60, gurobi(heur), N/A
pythago7825.mps, 60, FJ, N/A
pythago7825.mps, 60, highs, N/A
pythago7825.mps, 60, cplex, N/A
pythago7825.mps, 60, Local-ILP, N/A
queens-30.mps, 60, SCIP, -33.0
queens-30.mps, 60, gurobi(exact), -37.0
queens-30.mps, 60, gurobi(heur), -38.0
queens-30.mps, 60, FJ, -1.0
queens-30.mps, 60, highs, -34.0
queens-30.mps, 60, cplex, -38.0
queens-30.mps, 60, Local-ILP, -38.0
rail03.mps, 60, SCIP, N/A
rail03.mps, 60, gurobi(exact), N/A
rail03.mps, 60, gurobi(heur), N/A
rail03.mps, 60, FJ, N/A
rail03.mps, 60, highs, N/A
rail03.mps, 60, cplex, N/A
rail03.mps, 60, Local-ILP, N/A
ramos3.mps, 60, SCIP, 242.0
ramos3.mps, 60, gurobi(exact), 274.0
ramos3.mps, 60, gurobi(heur), 274.0
ramos3.mps, 60, FJ, 272.0
ramos3.mps, 60, highs, 1514.0
ramos3.mps, 60, cplex, 268.0
ramos3.mps, 60, Local-ILP, 216.0
reblock354.mps, 60, SCIP, -34304328.418016
reblock354.mps, 60, gurobi(exact), -39220200.0
reblock354.mps, 60, gurobi(heur), -39224200.0
reblock354.mps, 60, FJ, 0.0
reblock354.mps, 60, highs, N/A
reblock354.mps, 60, cplex, -39073034.604
reblock354.mps, 60, Local-ILP, -32233431.925997037
rmine10.mps, 60, SCIP, -420.880616
rmine10.mps, 60, gurobi(exact), -708.243
rmine10.mps, 60, gurobi(heur), -1890.75
rmine10.mps, 60, FJ, 0.0
rmine10.mps, 60, highs, -1901.535746
rmine10.mps, 60, cplex, -215.527732
rmine10.mps, 60, Local-ILP, -1843.446488
rmine11.mps, 60, SCIP, -511.469897
rmine11.mps, 60, gurobi(exact), -320.631
rmine11.mps, 60, gurobi(heur), -320.631
rmine11.mps, 60, FJ, 0.0
rmine11.mps, 60, highs, N/A
rmine11.mps, 60, cplex, 0.0
rmine11.mps, 60, Local-ILP, -2389.1890089999997
rmine13.mps, 60, SCIP, -611.536749999999
rmine13.mps, 60, gurobi(exact), -335.379
rmine13.mps, 60, gurobi(heur), -335.379
rmine13.mps, 60, FJ, 0.0
rmine13.mps, 60, highs, N/A
rmine13.mps, 60, cplex, -264.124869
rmine13.mps, 60, Local-ILP, -3039.6545559999995
rmine14.mps, 60, SCIP, -688.864477
rmine14.mps, 60, gurobi(exact), -308.697
rmine14.mps, 60, gurobi(heur), -308.697
rmine14.mps, 60, FJ, 0.0
rmine14.mps, 60, highs, N/A
rmine14.mps, 60, cplex, 0.0
rmine14.mps, 60, Local-ILP, -2260.880409
rmine15.mps, 60, SCIP, 0.0
rmine15.mps, 60, gurobi(exact), -291.168
rmine15.mps, 60, gurobi(heur), -291.168
rmine15.mps, 60, FJ, 0.0
rmine15.mps, 60, highs, N/A
rmine15.mps, 60, cplex, 0.0
rmine15.mps, 60, Local-ILP, -1666.8348469999999
rmine21.mps, 60, SCIP, 0.0
rmine21.mps, 60, gurobi(exact), -331.701
rmine21.mps, 60, gurobi(heur), -331.701
rmine21.mps, 60, FJ, 0.0
rmine21.mps, 60, highs, N/A
rmine21.mps, 60, cplex, 0.0
rmine21.mps, 60, Local-ILP, -827.9957229999999
rmine25.mps, 60, SCIP, 0.0
rmine25.mps, 60, gurobi(exact), -185.328
rmine25.mps, 60, gurobi(heur), -185.328
rmine25.mps, 60, FJ, 0.0
rmine25.mps, 60, highs, N/A
rmine25.mps, 60, cplex, 0.0
rmine25.mps, 60, Local-ILP, -371.65924599999994
rococoC11-010100.mps, 60, SCIP, 23556.0
rococoC11-010100.mps, 60, gurobi(exact), 23699.0
rococoC11-010100.mps, 60, gurobi(heur), 25077.0
rococoC11-010100.mps, 60, FJ, N/A
rococoC11-010100.mps, 60, highs, 42627.0
rococoC11-010100.mps, 60, cplex, 24793.0
rococoC11-010100.mps, 60, Local-ILP, 22601.0
rococoC12-010001.mps, 60, SCIP, 85756.0
rococoC12-010001.mps, 60, gurobi(exact), 38927.0
rococoC12-010001.mps, 60, gurobi(heur), 37164.0
rococoC12-010001.mps, 60, FJ, N/A
rococoC12-010001.mps, 60, highs, 40665.0
rococoC12-010001.mps, 60, cplex, 42416.0
rococoC12-010001.mps, 60, Local-ILP, 43110.0
rococoC12-111000.mps, 60, SCIP, 39589.0
rococoC12-111000.mps, 60, gurobi(exact), 37723.0
rococoC12-111000.mps, 60, gurobi(heur), 37246.0
rococoC12-111000.mps, 60, FJ, N/A
rococoC12-111000.mps, 60, highs, 39989.0
rococoC12-111000.mps, 60, cplex, 38864.0
rococoC12-111000.mps, 60, Local-ILP, 41608.0
s100.mps, 60, SCIP, N/A
s100.mps, 60, gurobi(exact), -0.0394471
s100.mps, 60, gurobi(heur), -0.0394471
s100.mps, 60, FJ, -0.103817
s100.mps, 60, highs, N/A
s100.mps, 60, cplex, N/A
s100.mps, 60, Local-ILP, -0.14215652812708
s1234.mps, 60, SCIP, N/A
s1234.mps, 60, gurobi(exact), 294.0
s1234.mps, 60, gurobi(heur), 292.0
s1234.mps, 60, FJ, 328.0
s1234.mps, 60, highs, N/A
s1234.mps, 60, cplex, 323.0
s1234.mps, 60, Local-ILP, 349.0
scpj4scip.mps, 60, SCIP, 149.0
scpj4scip.mps, 60, gurobi(exact), 142.0
scpj4scip.mps, 60, gurobi(heur), 136.0
scpj4scip.mps, 60, FJ, 6568.0
scpj4scip.mps, 60, highs, 597.0
scpj4scip.mps, 60, cplex, 148.0
scpj4scip.mps, 60, Local-ILP, 3845.0
scpk4.mps, 60, SCIP, 381.999999999999
scpk4.mps, 60, gurobi(exact), 357.0
scpk4.mps, 60, gurobi(heur), 345.0
scpk4.mps, 60, FJ, 15080.0
scpk4.mps, 60, highs, 1258.0
scpk4.mps, 60, cplex, 351.0
scpk4.mps, 60, Local-ILP, 8032.0
scpl4.mps, 60, SCIP, 6747.0
scpl4.mps, 60, gurobi(exact), 408.0
scpl4.mps, 60, gurobi(heur), 318.0
scpl4.mps, 60, FJ, 14436.0
scpl4.mps, 60, highs, N/A
scpl4.mps, 60, cplex, 10117913.0
scpl4.mps, 60, Local-ILP, 8721.0
scpm1.mps, 60, SCIP, 14440.0
scpm1.mps, 60, gurobi(exact), 86800.0
scpm1.mps, 60, gurobi(heur), 86800.0
scpm1.mps, 60, FJ, 31911.0
scpm1.mps, 60, highs, N/A
scpm1.mps, 60, cplex, 25254186.0
scpm1.mps, 60, Local-ILP, 16130.0
scpn2.mps, 60, SCIP, 50506522.0
scpn2.mps, 60, gurobi(exact), 84900.0
scpn2.mps, 60, gurobi(heur), 84900.0
scpn2.mps, 60, FJ, 31110.0
scpn2.mps, 60, highs, N/A
scpn2.mps, 60, cplex, 50506522.0
scpn2.mps, 60, Local-ILP, 18341.0
seymour-disj-10.mps, 60, SCIP, 298.0
seymour-disj-10.mps, 60, gurobi(exact), 289.0
seymour-disj-10.mps, 60, gurobi(heur), 290.0
seymour-disj-10.mps, 60, FJ, 374.0
seymour-disj-10.mps, 60, highs, 291.0
seymour-disj-10.mps, 60, cplex, 290.0
seymour-disj-10.mps, 60, Local-ILP, 291.0
seymour.mps, 60, SCIP, 427.0
seymour.mps, 60, gurobi(exact), 426.0
seymour.mps, 60, gurobi(heur), 427.0
seymour.mps, 60, FJ, 477.0
seymour.mps, 60, highs, 429.0
seymour.mps, 60, cplex, 426.0
seymour.mps, 60, Local-ILP, 440.0
sorrell3.mps, 60, SCIP, -11.0
sorrell3.mps, 60, gurobi(exact), -15.0
sorrell3.mps, 60, gurobi(heur), -15.0
sorrell3.mps, 60, FJ, -1.0
sorrell3.mps, 60, highs, -2.0
sorrell3.mps, 60, cplex, -15.0
sorrell3.mps, 60, Local-ILP, -14.0
sorrell4.mps, 60, SCIP, -18.0
sorrell4.mps, 60, gurobi(exact), -16.0
sorrell4.mps, 60, gurobi(heur), -16.0
sorrell4.mps, 60, FJ, -1.0
sorrell4.mps, 60, highs, -1.0
sorrell4.mps, 60, cplex, -22.0
sorrell4.mps, 60, Local-ILP, -18.0
sorrell7.mps, 60, SCIP, -154.0
sorrell7.mps, 60, gurobi(exact), -161.0
sorrell7.mps, 60, gurobi(heur), -161.0
sorrell7.mps, 60, FJ, -1.0
sorrell7.mps, 60, highs, -127.0
sorrell7.mps, 60, cplex, -158.0
sorrell7.mps, 60, Local-ILP, -180.0
sp97ar.mps, 60, SCIP, 784675182.920001
sp97ar.mps, 60, gurobi(exact), 668197000.0
sp97ar.mps, 60, gurobi(heur), 663588000.0
sp97ar.mps, 60, FJ, 1723979826.04
sp97ar.mps, 60, highs, 686343859.0
sp97ar.mps, 60, cplex, 665776924.4
sp97ar.mps, 60, Local-ILP, 947920837.64
splice1k1.mps, 60, SCIP, N/A
splice1k1.mps, 60, gurobi(exact), -322.0
splice1k1.mps, 60, gurobi(heur), -322.0
splice1k1.mps, 60, FJ, -3.0
splice1k1.mps, 60, highs, -121.0
splice1k1.mps, 60, cplex, 0.0
splice1k1.mps, 60, Local-ILP, -30.0
stp3d.mps, 60, SCIP, N/A
stp3d.mps, 60, gurobi(exact), N/A
stp3d.mps, 60, gurobi(heur), N/A
stp3d.mps, 60, FJ, N/A
stp3d.mps, 60, highs, N/A
stp3d.mps, 60, cplex, N/A
stp3d.mps, 60, Local-ILP, N/A
sts405.mps, 60, SCIP, 350.0
sts405.mps, 60, gurobi(exact), 347.0
sts405.mps, 60, gurobi(heur), 347.0
sts405.mps, 60, FJ, 349.0
sts405.mps, 60, highs, 403.0
sts405.mps, 60, cplex, 352.0
sts405.mps, 60, Local-ILP, 342.0
sts729.mps, 60, SCIP, 656.999999999999
sts729.mps, 60, gurobi(exact), 650.0
sts729.mps, 60, gurobi(heur), 650.0
sts729.mps, 60, FJ, 665.0
sts729.mps, 60, highs, 727.0
sts729.mps, 60, cplex, 729.0
sts729.mps, 60, Local-ILP, 646.0
supportcase10.mps, 60, SCIP, 14.0
supportcase10.mps, 60, gurobi(exact), 10.0
supportcase10.mps, 60, gurobi(heur), 10.0
supportcase10.mps, 60, FJ, 24.0
supportcase10.mps, 60, highs, N/A
supportcase10.mps, 60, cplex, 23.0
supportcase10.mps, 60, Local-ILP, 16.0
supportcase19.mps, 60, SCIP, N/A
supportcase19.mps, 60, gurobi(exact), N/A
supportcase19.mps, 60, gurobi(heur), N/A
supportcase19.mps, 60, FJ, N/A
supportcase19.mps, 60, highs, N/A
supportcase19.mps, 60, cplex, N/A
supportcase19.mps, 60, Local-ILP, N/A
supportcase22.mps, 60, SCIP, N/A
supportcase22.mps, 60, gurobi(exact), N/A
supportcase22.mps, 60, gurobi(heur), N/A
supportcase22.mps, 60, FJ, N/A
supportcase22.mps, 60, highs, N/A
supportcase22.mps, 60, cplex, N/A
supportcase22.mps, 60, Local-ILP, N/A
supportcase2.mps, 60, SCIP, N/A
supportcase2.mps, 60, gurobi(exact), 712.0
supportcase2.mps, 60, gurobi(heur), 712.0
supportcase2.mps, 60, FJ, 654.0
supportcase2.mps, 60, highs, N/A
supportcase2.mps, 60, cplex, N/A
supportcase2.mps, 60, Local-ILP, 665.0
supportcase30.mps, 60, SCIP, N/A
supportcase30.mps, 60, gurobi(exact), N/A
supportcase30.mps, 60, gurobi(heur), N/A
supportcase30.mps, 60, FJ, N/A
supportcase30.mps, 60, highs, N/A
supportcase30.mps, 60, cplex, N/A
supportcase30.mps, 60, Local-ILP, N/A
supportcase3.mps, 60, SCIP, N/A
supportcase3.mps, 60, gurobi(exact), N/A
supportcase3.mps, 60, gurobi(heur), N/A
supportcase3.mps, 60, FJ, N/A
supportcase3.mps, 60, highs, N/A
supportcase3.mps, 60, cplex, N/A
supportcase3.mps, 60, Local-ILP, N/A
t1717.mps, 60, SCIP, 317206.0
t1717.mps, 60, gurobi(exact), 201342.0
t1717.mps, 60, gurobi(heur), 201342.0
t1717.mps, 60, FJ, 420881.0
t1717.mps, 60, highs, N/A
t1717.mps, 60, cplex, 200300.0
t1717.mps, 60, Local-ILP, 494294.0
t1722.mps, 60, SCIP, 251008.0
t1722.mps, 60, gurobi(exact), 119401.0
t1722.mps, 60, gurobi(heur), 118662.0
t1722.mps, 60, FJ, 277531.0
t1722.mps, 60, highs, N/A
t1722.mps, 60, cplex, 129746.0
t1722.mps, 60, Local-ILP, 262615.0
tokyometro.mps, 60, SCIP, 16239.9
tokyometro.mps, 60, gurobi(exact), N/A
tokyometro.mps, 60, gurobi(heur), N/A
tokyometro.mps, 60, FJ, N/A
tokyometro.mps, 60, highs, N/A
tokyometro.mps, 60, cplex, 19102.4
tokyometro.mps, 60, Local-ILP, 51603.0
tw-myciel4.mps, 60, SCIP, 10.0
tw-myciel4.mps, 60, gurobi(exact), 10.0
tw-myciel4.mps, 60, gurobi(heur), 10.0
tw-myciel4.mps, 60, FJ, 100000000000.0
tw-myciel4.mps, 60, highs, 10.0
tw-myciel4.mps, 60, cplex, 10.0
tw-myciel4.mps, 60, Local-ILP, 10.0
usafa.mps, 60, SCIP, 28526.25
usafa.mps, 60, gurobi(exact), 17201.4
usafa.mps, 60, gurobi(heur), 17201.4
usafa.mps, 60, FJ, 28526.25
usafa.mps, 60, highs, N/A
usafa.mps, 60, cplex, 28526.25
usafa.mps, 60, Local-ILP, 23209.535539260647
v150d30-2hopcds.mps, 60, SCIP, 44.0
v150d30-2hopcds.mps, 60, gurobi(exact), 43.0
v150d30-2hopcds.mps, 60, gurobi(heur), 43.0
v150d30-2hopcds.mps, 60, FJ, 48.0
v150d30-2hopcds.mps, 60, highs, 42.0
v150d30-2hopcds.mps, 60, cplex, 43.0
v150d30-2hopcds.mps, 60, Local-ILP, 41.0
wnq-n100-mw99-14.mps, 60, SCIP, N/A
wnq-n100-mw99-14.mps, 60, gurobi(exact), 302.0
wnq-n100-mw99-14.mps, 60, gurobi(heur), 317.0
wnq-n100-mw99-14.mps, 60, FJ, 5206.0
wnq-n100-mw99-14.mps, 60, highs, N/A
wnq-n100-mw99-14.mps, 60, cplex, 305.0
wnq-n100-mw99-14.mps, 60, Local-ILP, 4789.0
woodlands09.mps, 60, SCIP, N/A
woodlands09.mps, 60, gurobi(exact), N/A
woodlands09.mps, 60, gurobi(heur), N/A
woodlands09.mps, 60, FJ, N/A
woodlands09.mps, 60, highs, N/A
woodlands09.mps, 60, cplex, N/A
woodlands09.mps, 60, Local-ILP, N/A
z26.mps, 60, SCIP, -1017.0
z26.mps, 60, gurobi(exact), -1005.0
z26.mps, 60, gurobi(heur), -1005.0
z26.mps, 60, FJ, -1.0
z26.mps, 60, highs, N/A
z26.mps, 60, cplex, -194.0
z26.mps, 60, Local-ILP, -1083.0
zib01.mps, 60, SCIP, N/A
zib01.mps, 60, gurobi(exact), N/A
zib01.mps, 60, gurobi(heur), N/A
zib01.mps, 60, FJ, N/A
zib01.mps, 60, highs, N/A
zib01.mps, 60, cplex, N/A
zib01.mps, 60, Local-ILP, N/A
zib02.mps, 60, SCIP, N/A
zib02.mps, 60, gurobi(exact), N/A
zib02.mps, 60, gurobi(heur), N/A
zib02.mps, 60, FJ, N/A
zib02.mps, 60, highs, N/A
zib02.mps, 60, cplex, N/A
zib02.mps, 60, Local-ILP, N/A
2club200v15p5scn.mps, 300, SCIP, -53.0
2club200v15p5scn.mps, 300, gurobi(exact), -62.0
2club200v15p5scn.mps, 300, gurobi(heur), -67.0
2club200v15p5scn.mps, 300, FJ, -1.0
2club200v15p5scn.mps, 300, highs, -59.0
2club200v15p5scn.mps, 300, cplex, -54.0
2club200v15p5scn.mps, 300, Local-ILP, -69.0
a2864-99blp.mps, 300, SCIP, -71.0
a2864-99blp.mps, 300, gurobi(exact), -72.0
a2864-99blp.mps, 300, gurobi(heur), -72.0
a2864-99blp.mps, 300, FJ, -18.0
a2864-99blp.mps, 300, highs, N/A
a2864-99blp.mps, 300, cplex, -17.0
a2864-99blp.mps, 300, Local-ILP, -74.0
academictimetablebig.mps, 300, SCIP, N/A
academictimetablebig.mps, 300, gurobi(exact), N/A
academictimetablebig.mps, 300, gurobi(heur), N/A
academictimetablebig.mps, 300, FJ, 133607.0
academictimetablebig.mps, 300, highs, N/A
academictimetablebig.mps, 300, cplex, N/A
academictimetablebig.mps, 300, Local-ILP, 26659.0
bab1.mps, 300, SCIP, -218472.92525
bab1.mps, 300, gurobi(exact), -218765.0
bab1.mps, 300, gurobi(heur), -218737.0
bab1.mps, 300, FJ, -87472.801
bab1.mps, 300, highs, -218734.98525
bab1.mps, 300, cplex, -218764.88525
bab1.mps, 300, Local-ILP, -169366.2365
bab2.mps, 300, SCIP, N/A
bab2.mps, 300, gurobi(exact), -356803.0
bab2.mps, 300, gurobi(heur), -356700.0
bab2.mps, 300, FJ, N/A
bab2.mps, 300, highs, N/A
bab2.mps, 300, cplex, N/A
bab2.mps, 300, Local-ILP, N/A
bab3.mps, 300, SCIP, N/A
bab3.mps, 300, gurobi(exact), -654821.0
bab3.mps, 300, gurobi(heur), -655374.0
bab3.mps, 300, FJ, N/A
bab3.mps, 300, highs, N/A
bab3.mps, 300, cplex, N/A
bab3.mps, 300, Local-ILP, N/A
bab6.mps, 300, SCIP, N/A
bab6.mps, 300, gurobi(exact), -284245.0
bab6.mps, 300, gurobi(heur), -284248.0
bab6.mps, 300, FJ, N/A
bab6.mps, 300, highs, N/A
bab6.mps, 300, cplex, N/A
bab6.mps, 300, Local-ILP, N/A
bley_xs1.mps, 300, SCIP, 7737928.93
bley_xs1.mps, 300, gurobi(exact), 19125100.0
bley_xs1.mps, 300, gurobi(heur), 19125100.0
bley_xs1.mps, 300, FJ, 1.5171775664346896e+17
bley_xs1.mps, 300, highs, N/A
bley_xs1.mps, 300, cplex, 4554718.81
bley_xs1.mps, 300, Local-ILP, 6934614.860000001
bley_xs1noM.mps, 300, SCIP, 7048483.38
bley_xs1noM.mps, 300, gurobi(exact), 4241540.0
bley_xs1noM.mps, 300, gurobi(heur), 4361780.0
bley_xs1noM.mps, 300, FJ, 713930383.58
bley_xs1noM.mps, 300, highs, N/A
bley_xs1noM.mps, 300, cplex, 4243447.06
bley_xs1noM.mps, 300, Local-ILP, 9535409.340000002
cdc7-4-3-2.mps, 300, SCIP, -230.0
cdc7-4-3-2.mps, 300, gurobi(exact), -257.0
cdc7-4-3-2.mps, 300, gurobi(heur), -257.0
cdc7-4-3-2.mps, 300, FJ, -1.0
cdc7-4-3-2.mps, 300, highs, N/A
cdc7-4-3-2.mps, 300, cplex, 0.0
cdc7-4-3-2.mps, 300, Local-ILP, -275.0
circ10-3.mps, 300, SCIP, N/A
circ10-3.mps, 300, gurobi(exact), N/A
circ10-3.mps, 300, gurobi(heur), N/A
circ10-3.mps, 300, FJ, 376.0
circ10-3.mps, 300, highs, N/A
circ10-3.mps, 300, cplex, 404.0
circ10-3.mps, 300, Local-ILP, 384.0
comp12-2idx.mps, 300, SCIP, N/A
comp12-2idx.mps, 300, gurobi(exact), 478.0
comp12-2idx.mps, 300, gurobi(heur), 432.0
comp12-2idx.mps, 300, FJ, 2784.0
comp12-2idx.mps, 300, highs, 2195.0
comp12-2idx.mps, 300, cplex, 522.0
comp12-2idx.mps, 300, Local-ILP, 676.0
comp21-2idx.mps, 300, SCIP, 494.0
comp21-2idx.mps, 300, gurobi(exact), 129.0
comp21-2idx.mps, 300, gurobi(heur), 125.0
comp21-2idx.mps, 300, FJ, 1454.0
comp21-2idx.mps, 300, highs, 283.0
comp21-2idx.mps, 300, cplex, 134.0
comp21-2idx.mps, 300, Local-ILP, 572.0
d10200.mps, 300, SCIP, 12455.0
d10200.mps, 300, gurobi(exact), 12440.0
d10200.mps, 300, gurobi(heur), 12439.0
d10200.mps, 300, FJ, 12933.0
d10200.mps, 300, highs, 12438.0
d10200.mps, 300, cplex, 12436.0
d10200.mps, 300, Local-ILP, 12792.0
d20200.mps, 300, SCIP, 12289.0
d20200.mps, 300, gurobi(exact), 12246.0
d20200.mps, 300, gurobi(heur), 12270.0
d20200.mps, 300, FJ, 13889.0
d20200.mps, 300, highs, 12285.0
d20200.mps, 300, cplex, 12303.0
d20200.mps, 300, Local-ILP, 13650.0
datt256.mps, 300, SCIP, N/A
datt256.mps, 300, gurobi(exact), N/A
datt256.mps, 300, gurobi(heur), N/A
datt256.mps, 300, FJ, N/A
datt256.mps, 300, highs, N/A
datt256.mps, 300, cplex, N/A
datt256.mps, 300, Local-ILP, N/A
ds-big.mps, 300, SCIP, 2348.49774660999
ds-big.mps, 300, gurobi(exact), 1198.54
ds-big.mps, 300, gurobi(heur), 455.928
ds-big.mps, 300, FJ, 7077.160192
ds-big.mps, 300, highs, N/A
ds-big.mps, 300, cplex, 3765.5748321
ds-big.mps, 300, Local-ILP, 4052.2221655
ds.mps, 300, SCIP, 488.2375
ds.mps, 300, gurobi(exact), 442.027
ds.mps, 300, gurobi(heur), 442.027
ds.mps, 300, FJ, 1517.1625
ds.mps, 300, highs, 4118.885
ds.mps, 300, cplex, 579.5025
ds.mps, 300, Local-ILP, 724.0325
ex1010-pi.mps, 300, SCIP, 252.0
ex1010-pi.mps, 300, gurobi(exact), 262.0
ex1010-pi.mps, 300, gurobi(heur), 243.0
ex1010-pi.mps, 300, FJ, 378.0
ex1010-pi.mps, 300, highs, 244.0
ex1010-pi.mps, 300, cplex, 243.0
ex1010-pi.mps, 300, Local-ILP, 278.0
f2000.mps, 300, SCIP, N/A
f2000.mps, 300, gurobi(exact), N/A
f2000.mps, 300, gurobi(heur), N/A
f2000.mps, 300, FJ, N/A
f2000.mps, 300, highs, N/A
f2000.mps, 300, cplex, N/A
f2000.mps, 300, Local-ILP, N/A
fhnw-sq2.mps, 300, SCIP, N/A
fhnw-sq2.mps, 300, gurobi(exact), N/A
fhnw-sq2.mps, 300, gurobi(heur), N/A
fhnw-sq2.mps, 300, FJ, N/A
fhnw-sq2.mps, 300, highs, N/A
fhnw-sq2.mps, 300, cplex, N/A
fhnw-sq2.mps, 300, Local-ILP, N/A
graph20-80-1rand.mps, 300, SCIP, -1.0
graph20-80-1rand.mps, 300, gurobi(exact), -4.0
graph20-80-1rand.mps, 300, gurobi(heur), -4.0
graph20-80-1rand.mps, 300, FJ, 0.0
graph20-80-1rand.mps, 300, highs, -1.0
graph20-80-1rand.mps, 300, cplex, 0.0
graph20-80-1rand.mps, 300, Local-ILP, -5.0
graph40-20-1rand.mps, 300, SCIP, -1.0
graph40-20-1rand.mps, 300, gurobi(exact), -15.0
graph40-20-1rand.mps, 300, gurobi(heur), -15.0
graph40-20-1rand.mps, 300, FJ, 0.0
graph40-20-1rand.mps, 300, highs, N/A
graph40-20-1rand.mps, 300, cplex, 0.0
graph40-20-1rand.mps, 300, Local-ILP, -10.0
graph40-40-1rand.mps, 300, SCIP, -1.0
graph40-40-1rand.mps, 300, gurobi(exact), -7.0
graph40-40-1rand.mps, 300, gurobi(heur), -7.0
graph40-40-1rand.mps, 300, FJ, 0.0
graph40-40-1rand.mps, 300, highs, N/A
graph40-40-1rand.mps, 300, cplex, 0.0
graph40-40-1rand.mps, 300, Local-ILP, -3.0
graph40-80-1rand.mps, 300, SCIP, -1.0
graph40-80-1rand.mps, 300, gurobi(exact), 0.0
graph40-80-1rand.mps, 300, gurobi(heur), 0.0
graph40-80-1rand.mps, 300, FJ, 0.0
graph40-80-1rand.mps, 300, highs, N/A
graph40-80-1rand.mps, 300, cplex, 0.0
graph40-80-1rand.mps, 300, Local-ILP, 0.0
hanoi5.mps, 300, SCIP, N/A
hanoi5.mps, 300, gurobi(exact), N/A
hanoi5.mps, 300, gurobi(heur), N/A
hanoi5.mps, 300, FJ, N/A
hanoi5.mps, 300, highs, N/A
hanoi5.mps, 300, cplex, N/A
hanoi5.mps, 300, Local-ILP, N/A
highschool1-aigio.mps, 300, SCIP, N/A
highschool1-aigio.mps, 300, gurobi(exact), N/A
highschool1-aigio.mps, 300, gurobi(heur), N/A
highschool1-aigio.mps, 300, FJ, N/A
highschool1-aigio.mps, 300, highs, N/A
highschool1-aigio.mps, 300, cplex, N/A
highschool1-aigio.mps, 300, Local-ILP, 9864.0
ivu06-big.mps, 300, SCIP, N/A
ivu06-big.mps, 300, gurobi(exact), 9416.0
ivu06-big.mps, 300, gurobi(heur), 9416.0
ivu06-big.mps, 300, FJ, 747.175003
ivu06-big.mps, 300, highs, N/A
ivu06-big.mps, 300, cplex, 206.32833464
ivu06-big.mps, 300, Local-ILP, 470.959671321
ivu06.mps, 300, SCIP, 240.209336641002
ivu06.mps, 300, gurobi(exact), 163.983
ivu06.mps, 300, gurobi(heur), 175.093
ivu06.mps, 300, FJ, 788.68967
ivu06.mps, 300, highs, N/A
ivu06.mps, 300, cplex, 221.74666896
ivu06.mps, 300, Local-ILP, 563.224338962
ivu59.mps, 300, SCIP, N/A
ivu59.mps, 300, gurobi(exact), 27488.0
ivu59.mps, 300, gurobi(heur), 27488.0
ivu59.mps, 300, FJ, 7011.310451
ivu59.mps, 300, highs, N/A
ivu59.mps, 300, cplex, 3035.4194069
ivu59.mps, 300, Local-ILP, 8441.91782436
kosova1.mps, 300, SCIP, N/A
kosova1.mps, 300, gurobi(exact), N/A
kosova1.mps, 300, gurobi(heur), N/A
kosova1.mps, 300, FJ, N/A
kosova1.mps, 300, highs, N/A
kosova1.mps, 300, cplex, N/A
kosova1.mps, 300, Local-ILP, N/A
kottenpark09.mps, 300, SCIP, N/A
kottenpark09.mps, 300, gurobi(exact), N/A
kottenpark09.mps, 300, gurobi(heur), N/A
kottenpark09.mps, 300, FJ, N/A
kottenpark09.mps, 300, highs, N/A
kottenpark09.mps, 300, cplex, N/A
kottenpark09.mps, 300, Local-ILP, N/A
lectsched-1-obj.mps, 300, SCIP, 122.0
lectsched-1-obj.mps, 300, gurobi(exact), 79.0
lectsched-1-obj.mps, 300, gurobi(heur), 77.0
lectsched-1-obj.mps, 300, FJ, N/A
lectsched-1-obj.mps, 300, highs, N/A
lectsched-1-obj.mps, 300, cplex, N/A
lectsched-1-obj.mps, 300, Local-ILP, 125.0
methanosarcina.mps, 300, SCIP, 3003.0
methanosarcina.mps, 300, gurobi(exact), 2723.0
methanosarcina.mps, 300, gurobi(heur), 2735.0
methanosarcina.mps, 300, FJ, 2919.0
methanosarcina.mps, 300, highs, 2901.0
methanosarcina.mps, 300, cplex, 3254.0
methanosarcina.mps, 300, Local-ILP, 2861.0
neos-2974461-ibar.mps, 300, SCIP, 473952396.771
neos-2974461-ibar.mps, 300, gurobi(exact), 637328000.0
neos-2974461-ibar.mps, 300, gurobi(heur), 637328000.0
neos-2974461-ibar.mps, 300, FJ, N/A
neos-2974461-ibar.mps, 300, highs, N/A
neos-2974461-ibar.mps, 300, cplex, 637327600.0
neos-2974461-ibar.mps, 300, Local-ILP, 637327600.0
neos-3068746-nene.mps, 300, SCIP, 61951971.0866
neos-3068746-nene.mps, 300, gurobi(exact), 61911400.0
neos-3068746-nene.mps, 300, gurobi(heur), 61910600.0
neos-3068746-nene.mps, 300, FJ, N/A
neos-3068746-nene.mps, 300, highs, 63901903.85885
neos-3068746-nene.mps, 300, cplex, 61911959.395
neos-3068746-nene.mps, 300, Local-ILP, 94572294.312
neos-3214367-sovi.mps, 300, SCIP, N/A
neos-3214367-sovi.mps, 300, gurobi(exact), N/A
neos-3214367-sovi.mps, 300, gurobi(heur), N/A
neos-3214367-sovi.mps, 300, FJ, N/A
neos-3214367-sovi.mps, 300, highs, N/A
neos-3214367-sovi.mps, 300, cplex, N/A
neos-3214367-sovi.mps, 300, Local-ILP, N/A
neos-3237086-abava.mps, 300, SCIP, N/A
neos-3237086-abava.mps, 300, gurobi(exact), N/A
neos-3237086-abava.mps, 300, gurobi(heur), N/A
neos-3237086-abava.mps, 300, FJ, N/A
neos-3237086-abava.mps, 300, highs, N/A
neos-3237086-abava.mps, 300, cplex, N/A
neos-3237086-abava.mps, 300, Local-ILP, N/A
neos-3322547-alsek.mps, 300, SCIP, 420.0
neos-3322547-alsek.mps, 300, gurobi(exact), 408.0
neos-3322547-alsek.mps, 300, gurobi(heur), 405.0
neos-3322547-alsek.mps, 300, FJ, 487.0
neos-3322547-alsek.mps, 300, highs, N/A
neos-3322547-alsek.mps, 300, cplex, 1000.0
neos-3322547-alsek.mps, 300, Local-ILP, 417.0
neos-3355120-tarago.mps, 300, SCIP, N/A
neos-3355120-tarago.mps, 300, gurobi(exact), N/A
neos-3355120-tarago.mps, 300, gurobi(heur), N/A
neos-3355120-tarago.mps, 300, FJ, N/A
neos-3355120-tarago.mps, 300, highs, N/A
neos-3355120-tarago.mps, 300, cplex, N/A
neos-3355120-tarago.mps, 300, Local-ILP, N/A
neos-3355323-arnon.mps, 300, SCIP, N/A
neos-3355323-arnon.mps, 300, gurobi(exact), N/A
neos-3355323-arnon.mps, 300, gurobi(heur), N/A
neos-3355323-arnon.mps, 300, FJ, N/A
neos-3355323-arnon.mps, 300, highs, N/A
neos-3355323-arnon.mps, 300, cplex, N/A
neos-3355323-arnon.mps, 300, Local-ILP, N/A
neos-3426085-ticino.mps, 300, SCIP, 235.0
neos-3426085-ticino.mps, 300, gurobi(exact), 226.0
neos-3426085-ticino.mps, 300, gurobi(heur), 226.0
neos-3426085-ticino.mps, 300, FJ, 288.0
neos-3426085-ticino.mps, 300, highs, 230.0
neos-3426085-ticino.mps, 300, cplex, 226.0
neos-3426085-ticino.mps, 300, Local-ILP, 233.0
neos-3426132-dieze.mps, 300, SCIP, 445.0
neos-3426132-dieze.mps, 300, gurobi(exact), 408.0
neos-3426132-dieze.mps, 300, gurobi(heur), 413.0
neos-3426132-dieze.mps, 300, FJ, 542.0
neos-3426132-dieze.mps, 300, highs, 416.0
neos-3426132-dieze.mps, 300, cplex, 408.0
neos-3426132-dieze.mps, 300, Local-ILP, 425.0
neos-3530905-gaula.mps, 300, SCIP, 167.0
neos-3530905-gaula.mps, 300, gurobi(exact), 159.0
neos-3530905-gaula.mps, 300, gurobi(heur), 159.0
neos-3530905-gaula.mps, 300, FJ, 185.0
neos-3530905-gaula.mps, 300, highs, 159.0
neos-3530905-gaula.mps, 300, cplex, 159.0
neos-3530905-gaula.mps, 300, Local-ILP, 165.0
neos-3594536-henty.mps, 300, SCIP, 407321.000000001
neos-3594536-henty.mps, 300, gurobi(exact), 403324.0
neos-3594536-henty.mps, 300, gurobi(heur), 403643.0
neos-3594536-henty.mps, 300, FJ, N/A
neos-3594536-henty.mps, 300, highs, 415410.0
neos-3594536-henty.mps, 300, cplex, 422201.0
neos-3594536-henty.mps, 300, Local-ILP, 25321053206.0
neos-3603137-hoteo.mps, 300, SCIP, N/A
neos-3603137-hoteo.mps, 300, gurobi(exact), N/A
neos-3603137-hoteo.mps, 300, gurobi(heur), N/A
neos-3603137-hoteo.mps, 300, FJ, N/A
neos-3603137-hoteo.mps, 300, highs, N/A
neos-3603137-hoteo.mps, 300, cplex, N/A
neos-3603137-hoteo.mps, 300, Local-ILP, N/A
neos-3682128-sandon.mps, 300, SCIP, 37329135.0
neos-3682128-sandon.mps, 300, gurobi(exact), 35293800.0
neos-3682128-sandon.mps, 300, gurobi(heur), 34720800.0
neos-3682128-sandon.mps, 300, FJ, 2000000976444425.0
neos-3682128-sandon.mps, 300, highs, 35522970.0
neos-3682128-sandon.mps, 300, cplex, 34836795.0
neos-3682128-sandon.mps, 300, Local-ILP, 90501340.0
neos-4165869-wannon.mps, 300, SCIP, 293.0
neos-4165869-wannon.mps, 300, gurobi(exact), 293.0
neos-4165869-wannon.mps, 300, gurobi(heur), 293.0
neos-4165869-wannon.mps, 300, FJ, 366.0
neos-4165869-wannon.mps, 300, highs, 296.0
neos-4165869-wannon.mps, 300, cplex, 293.0
neos-4165869-wannon.mps, 300, Local-ILP, 294.0
neos-4360552-sangro.mps, 300, SCIP, N/A
neos-4360552-sangro.mps, 300, gurobi(exact), N/A
neos-4360552-sangro.mps, 300, gurobi(heur), N/A
neos-4360552-sangro.mps, 300, FJ, N/A
neos-4360552-sangro.mps, 300, highs, N/A
neos-4360552-sangro.mps, 300, cplex, N/A
neos-4360552-sangro.mps, 300, Local-ILP, N/A
neos-4531126-vouga.mps, 300, SCIP, N/A
neos-4531126-vouga.mps, 300, gurobi(exact), N/A
neos-4531126-vouga.mps, 300, gurobi(heur), N/A
neos-4531126-vouga.mps, 300, FJ, N/A
neos-4531126-vouga.mps, 300, highs, N/A
neos-4531126-vouga.mps, 300, cplex, N/A
neos-4531126-vouga.mps, 300, Local-ILP, N/A
neos-4954274-beardy.mps, 300, SCIP, N/A
neos-4954274-beardy.mps, 300, gurobi(exact), 29545.6
neos-4954274-beardy.mps, 300, gurobi(heur), 32629.0
neos-4954274-beardy.mps, 300, FJ, 49206.67
neos-4954274-beardy.mps, 300, highs, N/A
neos-4954274-beardy.mps, 300, cplex, N/A
neos-4954274-beardy.mps, 300, Local-ILP, 31794.2825
neos-954925.mps, 300, SCIP, -217.695555555556
neos-954925.mps, 300, gurobi(exact), -237.76
neos-954925.mps, 300, gurobi(heur), -237.76
neos-954925.mps, 300, FJ, -0.986667
neos-954925.mps, 300, highs, -237.7666667
neos-954925.mps, 300, cplex, N/A
neos-954925.mps, 300, Local-ILP, -237.7444444442
ns1828997.mps, 300, SCIP, 47.0
ns1828997.mps, 300, gurobi(exact), 11.0
ns1828997.mps, 300, gurobi(heur), 14.0
ns1828997.mps, 300, FJ, 225.0
ns1828997.mps, 300, highs, 36.0
ns1828997.mps, 300, cplex, 37.0
ns1828997.mps, 300, Local-ILP, 13.0
ns1853823.mps, 300, SCIP, 3560000.0
ns1853823.mps, 300, gurobi(exact), 284000.0
ns1853823.mps, 300, gurobi(heur), 284000.0
ns1853823.mps, 300, FJ, 2450000.0
ns1853823.mps, 300, highs, N/A
ns1853823.mps, 300, cplex, 5912000.0
ns1853823.mps, 300, Local-ILP, 3516000.0
ns1854840.mps, 300, SCIP, 4272000.0
ns1854840.mps, 300, gurobi(exact), 326000.0
ns1854840.mps, 300, gurobi(heur), 326000.0
ns1854840.mps, 300, FJ, 196800000000.0
ns1854840.mps, 300, highs, N/A
ns1854840.mps, 300, cplex, 4744000.0
ns1854840.mps, 300, Local-ILP, 3032000.0
ns894236.mps, 300, SCIP, N/A
ns894236.mps, 300, gurobi(exact), 18.0
ns894236.mps, 300, gurobi(heur), 17.0
ns894236.mps, 300, FJ, 18.0
ns894236.mps, 300, highs, N/A
ns894236.mps, 300, cplex, 17.0
ns894236.mps, 300, Local-ILP, 18.0
ns894786.mps, 300, SCIP, N/A
ns894786.mps, 300, gurobi(exact), 14.0
ns894786.mps, 300, gurobi(heur), 14.0
ns894786.mps, 300, FJ, 14.0
ns894786.mps, 300, highs, 14.0
ns894786.mps, 300, cplex, 14.0
ns894786.mps, 300, Local-ILP, N/A
nu120-pr3.mps, 300, SCIP, 31185.0
nu120-pr3.mps, 300, gurobi(exact), 30285.0
nu120-pr3.mps, 300, gurobi(heur), 29315.0
nu120-pr3.mps, 300, FJ, 2232000000021725.0
nu120-pr3.mps, 300, highs, 30700.0
nu120-pr3.mps, 300, cplex, 29550.0
nu120-pr3.mps, 300, Local-ILP, 50075.0
nursesched-medium-hint03.mps, 300, SCIP, 8092.0
nursesched-medium-hint03.mps, 300, gurobi(exact), 2567.0
nursesched-medium-hint03.mps, 300, gurobi(heur), 2567.0
nursesched-medium-hint03.mps, 300, FJ, N/A
nursesched-medium-hint03.mps, 300, highs, N/A
nursesched-medium-hint03.mps, 300, cplex, 192.0
nursesched-medium-hint03.mps, 300, Local-ILP, 6452.0
opm2-z10-s4.mps, 300, SCIP, -29112.0
opm2-z10-s4.mps, 300, gurobi(exact), -28193.0
opm2-z10-s4.mps, 300, gurobi(heur), -32408.0
opm2-z10-s4.mps, 300, FJ, 0.0
opm2-z10-s4.mps, 300, highs, N/A
opm2-z10-s4.mps, 300, cplex, -24834.0
opm2-z10-s4.mps, 300, Local-ILP, -29186.0
opm2-z12-s14.mps, 300, SCIP, -37954.9999999998
opm2-z12-s14.mps, 300, gurobi(exact), -54655.0
opm2-z12-s14.mps, 300, gurobi(heur), -53797.0
opm2-z12-s14.mps, 300, FJ, 0.0
opm2-z12-s14.mps, 300, highs, N/A
opm2-z12-s14.mps, 300, cplex, -26726.0
opm2-z12-s14.mps, 300, Local-ILP, -59894.0
opm2-z12-s7.mps, 300, SCIP, -38585.0000000001
opm2-z12-s7.mps, 300, gurobi(exact), -51659.0
opm2-z12-s7.mps, 300, gurobi(heur), -50638.0
opm2-z12-s7.mps, 300, FJ, 0.0
opm2-z12-s7.mps, 300, highs, N/A
opm2-z12-s7.mps, 300, cplex, -39211.0
opm2-z12-s7.mps, 300, Local-ILP, -60415.0
opm2-z12-s8.mps, 300, SCIP, -38014.9999999998
opm2-z12-s8.mps, 300, gurobi(exact), -49325.0
opm2-z12-s8.mps, 300, gurobi(heur), -48487.0
opm2-z12-s8.mps, 300, FJ, 0.0
opm2-z12-s8.mps, 300, highs, N/A
opm2-z12-s8.mps, 300, cplex, -23306.0
opm2-z12-s8.mps, 300, Local-ILP, -54248.0
p6b.mps, 300, SCIP, -62.0
p6b.mps, 300, gurobi(exact), -62.0
p6b.mps, 300, gurobi(heur), -62.0
p6b.mps, 300, FJ, -1.0
p6b.mps, 300, highs, -62.0
p6b.mps, 300, cplex, -61.0
p6b.mps, 300, Local-ILP, -61.0
pb-gfrd-pnc.mps, 300, SCIP, N/A
pb-gfrd-pnc.mps, 300, gurobi(exact), N/A
pb-gfrd-pnc.mps, 300, gurobi(heur), N/A
pb-gfrd-pnc.mps, 300, FJ, N/A
pb-gfrd-pnc.mps, 300, highs, N/A
pb-gfrd-pnc.mps, 300, cplex, N/A
pb-gfrd-pnc.mps, 300, Local-ILP, N/A
pb-grow22.mps, 300, SCIP, 0.0
pb-grow22.mps, 300, gurobi(exact), 0.0
pb-grow22.mps, 300, gurobi(heur), -32227.0
pb-grow22.mps, 300, FJ, 0.0
pb-grow22.mps, 300, highs, N/A
pb-grow22.mps, 300, cplex, 0.0
pb-grow22.mps, 300, Local-ILP, 0.0
pb-market-split8-70-4.mps, 300, SCIP, N/A
pb-market-split8-70-4.mps, 300, gurobi(exact), N/A
pb-market-split8-70-4.mps, 300, gurobi(heur), N/A
pb-market-split8-70-4.mps, 300, FJ, N/A
pb-market-split8-70-4.mps, 300, highs, N/A
pb-market-split8-70-4.mps, 300, cplex, N/A
pb-market-split8-70-4.mps, 300, Local-ILP, N/A
pb-simp-nonunif.mps, 300, SCIP, 90.0
pb-simp-nonunif.mps, 300, gurobi(exact), 42.0
pb-simp-nonunif.mps, 300, gurobi(heur), 42.0
pb-simp-nonunif.mps, 300, FJ, 112.0
pb-simp-nonunif.mps, 300, highs, 152.0
pb-simp-nonunif.mps, 300, cplex, 87.0
pb-simp-nonunif.mps, 300, Local-ILP, 129.0
proteindesign121hz512p19.mps, 300, SCIP, N/A
proteindesign121hz512p19.mps, 300, gurobi(exact), 3412.0
proteindesign121hz512p19.mps, 300, gurobi(heur), 3412.0
proteindesign121hz512p19.mps, 300, FJ, N/A
proteindesign121hz512p19.mps, 300, highs, N/A
proteindesign121hz512p19.mps, 300, cplex, 3412.0
proteindesign121hz512p19.mps, 300, Local-ILP, N/A
proteindesign121hz512p9.mps, 300, SCIP, N/A
proteindesign121hz512p9.mps, 300, gurobi(exact), 1489.0
proteindesign121hz512p9.mps, 300, gurobi(heur), 1477.0
proteindesign121hz512p9.mps, 300, FJ, N/A
proteindesign121hz512p9.mps, 300, highs, 1745.0
proteindesign121hz512p9.mps, 300, cplex, 1509.0
proteindesign121hz512p9.mps, 300, Local-ILP, 1508.0
protfold.mps, 300, SCIP, -19.0
protfold.mps, 300, gurobi(exact), -28.0
protfold.mps, 300, gurobi(heur), -27.0
protfold.mps, 300, FJ, -12.0
protfold.mps, 300, highs, -25.0
protfold.mps, 300, cplex, -25.0
protfold.mps, 300, Local-ILP, -23.0
pythago7824.mps, 300, SCIP, N/A
pythago7824.mps, 300, gurobi(exact), N/A
pythago7824.mps, 300, gurobi(heur), N/A
pythago7824.mps, 300, FJ, N/A
pythago7824.mps, 300, highs, N/A
pythago7824.mps, 300, cplex, N/A
pythago7824.mps, 300, Local-ILP, N/A
pythago7825.mps, 300, SCIP, N/A
pythago7825.mps, 300, gurobi(exact), N/A
pythago7825.mps, 300, gurobi(heur), N/A
pythago7825.mps, 300, FJ, N/A
pythago7825.mps, 300, highs, N/A
pythago7825.mps, 300, cplex, N/A
pythago7825.mps, 300, Local-ILP, N/A
queens-30.mps, 300, SCIP, -33.0
queens-30.mps, 300, gurobi(exact), -38.0
queens-30.mps, 300, gurobi(heur), -38.0
queens-30.mps, 300, FJ, -1.0
queens-30.mps, 300, highs, -35.0
queens-30.mps, 300, cplex, -38.0
queens-30.mps, 300, Local-ILP, -38.0
rail03.mps, 300, SCIP, N/A
rail03.mps, 300, gurobi(exact), N/A
rail03.mps, 300, gurobi(heur), N/A
rail03.mps, 300, FJ, N/A
rail03.mps, 300, highs, N/A
rail03.mps, 300, cplex, N/A
rail03.mps, 300, Local-ILP, N/A
ramos3.mps, 300, SCIP, 242.0
ramos3.mps, 300, gurobi(exact), 258.0
ramos3.mps, 300, gurobi(heur), 255.0
ramos3.mps, 300, FJ, 272.0
ramos3.mps, 300, highs, 1322.0
ramos3.mps, 300, cplex, 261.0
ramos3.mps, 300, Local-ILP, 216.0
reblock354.mps, 300, SCIP, -39029819.2956198
reblock354.mps, 300, gurobi(exact), -39253800.0
reblock354.mps, 300, gurobi(heur), -39275000.0
reblock354.mps, 300, FJ, -14990.122408
reblock354.mps, 300, highs, N/A
reblock354.mps, 300, cplex, -39224189.62
reblock354.mps, 300, Local-ILP, -38616492.936059535
rmine10.mps, 300, SCIP, -1888.127626
rmine10.mps, 300, gurobi(exact), -1885.97
rmine10.mps, 300, gurobi(heur), -1912.0
rmine10.mps, 300, FJ, 0.0
rmine10.mps, 300, highs, -1901.535746
rmine10.mps, 300, cplex, -1908.030301
rmine10.mps, 300, Local-ILP, -1857.3884229999999
rmine11.mps, 300, SCIP, -511.469897
rmine11.mps, 300, gurobi(exact), -2505.52
rmine11.mps, 300, gurobi(heur), -2507.32
rmine11.mps, 300, FJ, 0.0
rmine11.mps, 300, highs, N/A
rmine11.mps, 300, cplex, -490.814242
rmine11.mps, 300, Local-ILP, -2391.148749
rmine13.mps, 300, SCIP, -611.536749999999
rmine13.mps, 300, gurobi(exact), -2151.27
rmine13.mps, 300, gurobi(heur), -2151.27
rmine13.mps, 300, FJ, 0.0
rmine13.mps, 300, highs, N/A
rmine13.mps, 300, cplex, -326.215336
rmine13.mps, 300, Local-ILP, -3344.724997
rmine14.mps, 300, SCIP, -688.864477
rmine14.mps, 300, gurobi(exact), -308.697
rmine14.mps, 300, gurobi(heur), -308.697
rmine14.mps, 300, FJ, 0.0
rmine14.mps, 300, highs, N/A
rmine14.mps, 300, cplex, 0.0
rmine14.mps, 300, Local-ILP, -3992.7086999999997
rmine15.mps, 300, SCIP, -759.289522000002
rmine15.mps, 300, gurobi(exact), -291.168
rmine15.mps, 300, gurobi(heur), -291.168
rmine15.mps, 300, FJ, 0.0
rmine15.mps, 300, highs, N/A
rmine15.mps, 300, cplex, 0.0
rmine15.mps, 300, Local-ILP, -4067.4840099999997
rmine21.mps, 300, SCIP, 0.0
rmine21.mps, 300, gurobi(exact), -331.701
rmine21.mps, 300, gurobi(heur), -331.701
rmine21.mps, 300, FJ, 0.0
rmine21.mps, 300, highs, N/A
rmine21.mps, 300, cplex, 0.0
rmine21.mps, 300, Local-ILP, -1919.1865649999995
rmine25.mps, 300, SCIP, 0.0
rmine25.mps, 300, gurobi(exact), -302.245
rmine25.mps, 300, gurobi(heur), -302.245
rmine25.mps, 300, FJ, 0.0
rmine25.mps, 300, highs, N/A
rmine25.mps, 300, cplex, 0.0
rmine25.mps, 300, Local-ILP, -1486.7828659999998
rococoC11-010100.mps, 300, SCIP, 23556.0
rococoC11-010100.mps, 300, gurobi(exact), 23646.0
rococoC11-010100.mps, 300, gurobi(heur), 22760.0
rococoC11-010100.mps, 300, FJ, N/A
rococoC11-010100.mps, 300, highs, 36143.0
rococoC11-010100.mps, 300, cplex, 24678.0
rococoC11-010100.mps, 300, Local-ILP, 22601.0
rococoC12-010001.mps, 300, SCIP, 41808.0
rococoC12-010001.mps, 300, gurobi(exact), 36435.0
rococoC12-010001.mps, 300, gurobi(heur), 36693.0
rococoC12-010001.mps, 300, FJ, N/A
rococoC12-010001.mps, 300, highs, 37839.0
rococoC12-010001.mps, 300, cplex, 38150.0
rococoC12-010001.mps, 300, Local-ILP, 41964.0
rococoC12-111000.mps, 300, SCIP, 39589.0
rococoC12-111000.mps, 300, gurobi(exact), 36344.0
rococoC12-111000.mps, 300, gurobi(heur), 36288.0
rococoC12-111000.mps, 300, FJ, N/A
rococoC12-111000.mps, 300, highs, 38419.0
rococoC12-111000.mps, 300, cplex, 38206.0
rococoC12-111000.mps, 300, Local-ILP, 40734.0
s100.mps, 300, SCIP, 0.0
s100.mps, 300, gurobi(exact), -0.159961
s100.mps, 300, gurobi(heur), -0.159961
s100.mps, 300, FJ, -0.103817
s100.mps, 300, highs, N/A
s100.mps, 300, cplex, N/A
s100.mps, 300, Local-ILP, -0.14215652812708
s1234.mps, 300, SCIP, 236.0
s1234.mps, 300, gurobi(exact), 283.0
s1234.mps, 300, gurobi(heur), 283.0
s1234.mps, 300, FJ, 328.0
s1234.mps, 300, highs, N/A
s1234.mps, 300, cplex, 323.0
s1234.mps, 300, Local-ILP, 286.0
scpj4scip.mps, 300, SCIP, 143.0
scpj4scip.mps, 300, gurobi(exact), 138.0
scpj4scip.mps, 300, gurobi(heur), 135.0
scpj4scip.mps, 300, FJ, 6568.0
scpj4scip.mps, 300, highs, 250.0
scpj4scip.mps, 300, cplex, 140.0
scpj4scip.mps, 300, Local-ILP, 3845.0
scpk4.mps, 300, SCIP, 346.0
scpk4.mps, 300, gurobi(exact), 356.0
scpk4.mps, 300, gurobi(heur), 333.0
scpk4.mps, 300, FJ, 15080.0
scpk4.mps, 300, highs, 945.0
scpk4.mps, 300, cplex, 340.0
scpk4.mps, 300, Local-ILP, 8032.0
scpl4.mps, 300, SCIP, 301.0
scpl4.mps, 300, gurobi(exact), 301.0
scpl4.mps, 300, gurobi(heur), 283.0
scpl4.mps, 300, FJ, 14436.0
scpl4.mps, 300, highs, 1257.0
scpl4.mps, 300, cplex, 303.0
scpl4.mps, 300, Local-ILP, 8721.0
scpm1.mps, 300, SCIP, 14440.0
scpm1.mps, 300, gurobi(exact), 850.0
scpm1.mps, 300, gurobi(heur), 678.0
scpm1.mps, 300, FJ, 31911.0
scpm1.mps, 300, highs, N/A
scpm1.mps, 300, cplex, 25254186.0
scpm1.mps, 300, Local-ILP, 4972.0
scpn2.mps, 300, SCIP, 13146.0
scpn2.mps, 300, gurobi(exact), 807.0
scpn2.mps, 300, gurobi(heur), 626.0
scpn2.mps, 300, FJ, 31110.0
scpn2.mps, 300, highs, N/A
scpn2.mps, 300, cplex, 50506522.0
scpn2.mps, 300, Local-ILP, 10635.0
seymour-disj-10.mps, 300, SCIP, 288.0
seymour-disj-10.mps, 300, gurobi(exact), 287.0
seymour-disj-10.mps, 300, gurobi(heur), 287.0
seymour-disj-10.mps, 300, FJ, 374.0
seymour-disj-10.mps, 300, highs, 289.0
seymour-disj-10.mps, 300, cplex, 289.0
seymour-disj-10.mps, 300, Local-ILP, 291.0
seymour.mps, 300, SCIP, 425.0
seymour.mps, 300, gurobi(exact), 424.0
seymour.mps, 300, gurobi(heur), 424.0
seymour.mps, 300, FJ, 477.0
seymour.mps, 300, highs, 426.0
seymour.mps, 300, cplex, 424.0
seymour.mps, 300, Local-ILP, 440.0
sorrell3.mps, 300, SCIP, -11.0
sorrell3.mps, 300, gurobi(exact), -16.0
sorrell3.mps, 300, gurobi(heur), -16.0
sorrell3.mps, 300, FJ, -1.0
sorrell3.mps, 300, highs, -14.0
sorrell3.mps, 300, cplex, -16.0
sorrell3.mps, 300, Local-ILP, -14.0
sorrell4.mps, 300, SCIP, -18.0
sorrell4.mps, 300, gurobi(exact), -21.0
sorrell4.mps, 300, gurobi(heur), -21.0
sorrell4.mps, 300, FJ, -1.0
sorrell4.mps, 300, highs, -1.0
sorrell4.mps, 300, cplex, -23.0
sorrell4.mps, 300, Local-ILP, -19.0
sorrell7.mps, 300, SCIP, -154.0
sorrell7.mps, 300, gurobi(exact), -165.0
sorrell7.mps, 300, gurobi(heur), -165.0
sorrell7.mps, 300, FJ, -1.0
sorrell7.mps, 300, highs, -127.0
sorrell7.mps, 300, cplex, -179.0
sorrell7.mps, 300, Local-ILP, -180.0
sp97ar.mps, 300, SCIP, 687368736.18
sp97ar.mps, 300, gurobi(exact), 662861000.0
sp97ar.mps, 300, gurobi(heur), 662328000.0
sp97ar.mps, 300, FJ, 1723979826.04
sp97ar.mps, 300, highs, 686343859.0
sp97ar.mps, 300, cplex, 664455176.54
sp97ar.mps, 300, Local-ILP, 947920837.64
splice1k1.mps, 300, SCIP, N/A
splice1k1.mps, 300, gurobi(exact), -338.0
splice1k1.mps, 300, gurobi(heur), -338.0
splice1k1.mps, 300, FJ, -3.0
splice1k1.mps, 300, highs, -337.0
splice1k1.mps, 300, cplex, -322.0
splice1k1.mps, 300, Local-ILP, -102.0
stp3d.mps, 300, SCIP, N/A
stp3d.mps, 300, gurobi(exact), N/A
stp3d.mps, 300, gurobi(heur), N/A
stp3d.mps, 300, FJ, N/A
stp3d.mps, 300, highs, N/A
stp3d.mps, 300, cplex, N/A
stp3d.mps, 300, Local-ILP, N/A
sts405.mps, 300, SCIP, 349.0
sts405.mps, 300, gurobi(exact), 345.0
sts405.mps, 300, gurobi(heur), 345.0
sts405.mps, 300, FJ, 349.0
sts405.mps, 300, highs, 353.0
sts405.mps, 300, cplex, 350.0
sts405.mps, 300, Local-ILP, 342.0
sts729.mps, 300, SCIP, 656.999999999999
sts729.mps, 300, gurobi(exact), 650.0
sts729.mps, 300, gurobi(heur), 650.0
sts729.mps, 300, FJ, 665.0
sts729.mps, 300, highs, 727.0
sts729.mps, 300, cplex, 657.0
sts729.mps, 300, Local-ILP, 644.0
supportcase10.mps, 300, SCIP, 14.0
supportcase10.mps, 300, gurobi(exact), 9.0
supportcase10.mps, 300, gurobi(heur), 9.0
supportcase10.mps, 300, FJ, 24.0
supportcase10.mps, 300, highs, N/A
supportcase10.mps, 300, cplex, 23.0
supportcase10.mps, 300, Local-ILP, 11.0
supportcase19.mps, 300, SCIP, N/A
supportcase19.mps, 300, gurobi(exact), N/A
supportcase19.mps, 300, gurobi(heur), N/A
supportcase19.mps, 300, FJ, N/A
supportcase19.mps, 300, highs, N/A
supportcase19.mps, 300, cplex, N/A
supportcase19.mps, 300, Local-ILP, N/A
supportcase22.mps, 300, SCIP, N/A
supportcase22.mps, 300, gurobi(exact), N/A
supportcase22.mps, 300, gurobi(heur), N/A
supportcase22.mps, 300, FJ, N/A
supportcase22.mps, 300, highs, N/A
supportcase22.mps, 300, cplex, N/A
supportcase22.mps, 300, Local-ILP, N/A
supportcase2.mps, 300, SCIP, N/A
supportcase2.mps, 300, gurobi(exact), 665.0
supportcase2.mps, 300, gurobi(heur), 665.0
supportcase2.mps, 300, FJ, 654.0
supportcase2.mps, 300, highs, N/A
supportcase2.mps, 300, cplex, N/A
supportcase2.mps, 300, Local-ILP, 628.0
supportcase30.mps, 300, SCIP, N/A
supportcase30.mps, 300, gurobi(exact), N/A
supportcase30.mps, 300, gurobi(heur), N/A
supportcase30.mps, 300, FJ, N/A
supportcase30.mps, 300, highs, N/A
supportcase30.mps, 300, cplex, N/A
supportcase30.mps, 300, Local-ILP, N/A
supportcase3.mps, 300, SCIP, N/A
supportcase3.mps, 300, gurobi(exact), N/A
supportcase3.mps, 300, gurobi(heur), N/A
supportcase3.mps, 300, FJ, N/A
supportcase3.mps, 300, highs, N/A
supportcase3.mps, 300, cplex, N/A
supportcase3.mps, 300, Local-ILP, N/A
t1717.mps, 300, SCIP, 260019.0
t1717.mps, 300, gurobi(exact), 201342.0
t1717.mps, 300, gurobi(heur), 201342.0
t1717.mps, 300, FJ, 420881.0
t1717.mps, 300, highs, N/A
t1717.mps, 300, cplex, 200300.0
t1717.mps, 300, Local-ILP, 440077.0
t1722.mps, 300, SCIP, 149409.0
t1722.mps, 300, gurobi(exact), 118898.0
t1722.mps, 300, gurobi(heur), 118354.0
t1722.mps, 300, FJ, 277531.0
t1722.mps, 300, highs, 130442.0
t1722.mps, 300, cplex, 127932.0
t1722.mps, 300, Local-ILP, 235924.0
tokyometro.mps, 300, SCIP, 11578.2999999998
tokyometro.mps, 300, gurobi(exact), 10435.0
tokyometro.mps, 300, gurobi(heur), 9047.1
tokyometro.mps, 300, FJ, N/A
tokyometro.mps, 300, highs, N/A
tokyometro.mps, 300, cplex, 9312.7
tokyometro.mps, 300, Local-ILP, 51603.0
tw-myciel4.mps, 300, SCIP, 10.0
tw-myciel4.mps, 300, gurobi(exact), 10.0
tw-myciel4.mps, 300, gurobi(heur), 10.0
tw-myciel4.mps, 300, FJ, 100000000000.0
tw-myciel4.mps, 300, highs, 10.0
tw-myciel4.mps, 300, cplex, 10.0
tw-myciel4.mps, 300, Local-ILP, 10.0
usafa.mps, 300, SCIP, 4209.89762298398
usafa.mps, 300, gurobi(exact), 17201.4
usafa.mps, 300, gurobi(heur), 17201.4
usafa.mps, 300, FJ, 28526.25
usafa.mps, 300, highs, N/A
usafa.mps, 300, cplex, 28526.25
usafa.mps, 300, Local-ILP, 16640.549722042786
v150d30-2hopcds.mps, 300, SCIP, 42.0
v150d30-2hopcds.mps, 300, gurobi(exact), 42.0
v150d30-2hopcds.mps, 300, gurobi(heur), 42.0
v150d30-2hopcds.mps, 300, FJ, 48.0
v150d30-2hopcds.mps, 300, highs, 42.0
v150d30-2hopcds.mps, 300, cplex, 42.0
v150d30-2hopcds.mps, 300, Local-ILP, 41.0
wnq-n100-mw99-14.mps, 300, SCIP, N/A
wnq-n100-mw99-14.mps, 300, gurobi(exact), 292.0
wnq-n100-mw99-14.mps, 300, gurobi(heur), 288.0
wnq-n100-mw99-14.mps, 300, FJ, 5206.0
wnq-n100-mw99-14.mps, 300, highs, 322.0
wnq-n100-mw99-14.mps, 300, cplex, 271.0
wnq-n100-mw99-14.mps, 300, Local-ILP, 4789.0
woodlands09.mps, 300, SCIP, N/A
woodlands09.mps, 300, gurobi(exact), N/A
woodlands09.mps, 300, gurobi(heur), N/A
woodlands09.mps, 300, FJ, N/A
woodlands09.mps, 300, highs, N/A
woodlands09.mps, 300, cplex, N/A
woodlands09.mps, 300, Local-ILP, N/A
z26.mps, 300, SCIP, -1017.0
z26.mps, 300, gurobi(exact), -1005.0
z26.mps, 300, gurobi(heur), -1005.0
z26.mps, 300, FJ, -1.0
z26.mps, 300, highs, N/A
z26.mps, 300, cplex, -194.0
z26.mps, 300, Local-ILP, -1092.0
zib01.mps, 300, SCIP, N/A
zib01.mps, 300, gurobi(exact), N/A
zib01.mps, 300, gurobi(heur), N/A
zib01.mps, 300, FJ, N/A
zib01.mps, 300, highs, N/A
zib01.mps, 300, cplex, N/A
zib01.mps, 300, Local-ILP, N/A
zib02.mps, 300, SCIP, N/A
zib02.mps, 300, gurobi(exact), N/A
zib02.mps, 300, gurobi(heur), N/A
zib02.mps, 300, FJ, N/A
zib02.mps, 300, highs, N/A
zib02.mps, 300, cplex, N/A
zib02.mps, 300, Local-ILP, N/A
